x,R,G,B,min_over_frames_G,max_over_frames_G
0,1023,1023,1023,1023,1023
1,1023,1023,1023,1023,1023
2,1023,1023,1023,1023,1023
3,1023,1023,1023,1023,1023
4,1023,1023,1023,1023,1023
5,1023,1023,1023,1023,1023
6,1023,1023,1023,1023,1023
7,1023,1023,1023,1023,1023
8,1023,1023,1023,1023,1023
9,1023,1023,1023,1023,1023
10,1023,1023,1023,1023,1023
11,1023,1023,1023,1023,1023
12,1023,1023,1023,1023,1023
13,1023,1023,1023,1023,1023
14,1023,1023,1023,1023,1023
15,1023,1023,1023,1023,1023
16,1023,1023,1023,1023,1023
17,1023,1023,1023,1023,1023
18,1023,1023,1023,1023,1023
19,1023,1023,1023,1023,1023
20,1023,1023,1023,1023,1023
21,1023,1023,1023,1023,1023
22,1023,1023,1023,1023,1023
23,1023,1023,1023,1023,1023
24,1023,1023,1023,1023,1023
25,1023,1023,1023,1023,1023
26,1023,1023,1023,1023,1023
27,1023,1023,1023,1023,1023
28,1023,1023,1023,1023,1023
29,1023,1023,1023,1023,1023
30,1023,1023,1023,1023,1023
31,1023,1023,1023,1023,1023
32,1023,1023,1023,1023,1023
33,1023,1023,1023,1023,1023
34,1023,1023,1023,1023,1023
35,1023,1023,1023,1023,1023
36,1023,1023,1023,1023,1023
37,1023,1023,1023,1023,1023
38,1023,1023,1023,1023,1023
39,1023,1023,1023,1023,1023
40,1023,1023,1023,1023,1023
41,1023,1023,1023,1023,1023
42,1023,1023,1023,1023,1023
43,1023,1023,1023,1023,1023
44,1023,1023,1023,1023,1023
45,1023,1023,1023,1023,1023
46,1023,1023,1023,1023,1023
47,1023,1023,1023,1023,1023
48,1023,1023,1023,1023,1023
49,1023,1023,1023,1023,1023
50,1023,1023,1023,1023,1023
51,1023,1023,1023,1023,1023
52,1023,1023,1023,1023,1023
53,1023,1023,1023,1023,1023
54,1023,1023,1023,1023,1023
55,1023,1023,1023,1023,1023
56,1023,1023,1023,1023,1023
57,1023,1023,1023,1023,1023
58,1023,1023,1023,1023,1023
59,1023,1023,1023,1023,1023
60,1023,1023,1023,1023,1023
61,1023,1023,1023,1023,1023
62,1023,1023,1023,1023,1023
63,1023,1023,1023,1023,1023
64,1023,1023,1023,1023,1023
65,1023,1023,1023,1023,1023
66,1023,1023,1023,1023,1023
67,1023,1023,1023,1023,1023
68,1023,1023,1023,1023,1023
69,1023,1023,1023,1023,1023
70,1023,1023,1023,1023,1023
71,1023,1023,1023,1023,1023
72,1023,1023,1023,1023,1023
73,1023,1023,1023,1023,1023
74,1023,1023,1023,1023,1023
75,1023,1023,1023,1023,1023
76,1023,1023,1023,1023,1023
77,1023,1023,1023,1023,1023
78,1023,1023,1023,1023,1023
79,1023,1023,1023,1023,1023
80,1023,1023,1023,1023,1023
81,1023,1023,1023,1023,1023
82,1023,1023,1023,1023,1023
83,1023,1023,1023,1023,1023
84,1023,1023,1023,1023,1023
85,1023,1023,1023,1023,1023
86,1023,1023,1023,1023,1023
87,1023,1023,1023,1023,1023
88,1023,1023,1023,1023,1023
89,1023,1023,1023,1023,1023
90,1023,1023,1023,1023,1023
91,1023,1023,1023,1023,1023
92,1023,1023,1023,1023,1023
93,1023,1023,1023,1023,1023
94,1023,1023,1023,1023,1023
95,1023,1023,1023,1023,1023
96,1023,1023,1023,1023,1023
97,1023,1023,1023,1023,1023
98,1023,1023,1023,1023,1023
99,1023,1023,1023,1023,1023
100,1023,1023,1023,1023,1023
101,1023,1023,1023,1023,1023
102,1023,1023,1023,1023,1023
103,1023,1023,1023,1023,1023
104,1023,1023,1023,1023,1023
105,1023,1023,1023,1023,1023
106,1023,1023,1023,1023,1023
107,1023,1023,1023,1023,1023
108,1023,1023,1023,1023,1023
109,1023,1023,1023,1023,1023
110,1023,1023,1023,1023,1023
111,1023,1023,1023,1023,1023
112,1023,1023,1023,1023,1023
113,1023,1023,1023,1023,1023
114,1023,1023,1023,1023,1023
115,1023,1023,1023,1023,1023
116,1023,1023,1023,1023,1023
117,1023,1023,1023,1023,1023
118,1023,1023,1023,1023,1023
119,1023,1023,1023,1023,1023
120,1023,1023,1023,1023,1023
121,1023,1023,1023,1023,1023
122,1023,1023,1023,1023,1023
123,1023,1023,1023,1023,1023
124,1023,1023,1023,1023,1023
125,1023,1023,1023,1023,1023
126,1023,1023,1023,1023,1023
127,1023,1023,1023,1023,1023
128,1023,1023,1023,1023,1023
129,1023,1023,1023,1023,1023
130,1023,1023,1023,1023,1023
131,1023,1023,1023,1023,1023
132,1023,1023,1023,1023,1023
133,1023,1023,1023,1023,1023
134,1023,1023,1023,1023,1023
135,1023,1023,1023,1023,1023
136,1023,1023,1023,1023,1023
137,1023,1023,1023,1023,1023
138,1023,1023,1023,1023,1023
139,1023,1023,1023,1023,1023
140,1023,1023,1023,1023,1023
141,1023,1023,1023,1023,1023
142,1023,1023,1023,1023,1023
143,1023,1023,1023,1023,1023
144,1023,1023,1023,1023,1023
145,1023,1023,1023,1023,1023
146,1023,1023,1023,1023,1023
147,1023,1023,1023,1023,1023
148,1023,1023,1023,1023,1023
149,1023,1023,1023,1023,1023
150,1023,1023,1023,1023,1023
151,1023,1023,1023,1023,1023
152,1023,1023,1023,1023,1023
153,1023,1023,1023,1023,1023
154,1023,1023,1023,1023,1023
155,1023,1023,1023,1023,1023
156,1023,1023,1023,1023,1023
157,1023,1023,1023,1023,1023
158,1023,1023,1023,1023,1023
159,1023,1023,1023,1023,1023
160,1023,1023,1023,1023,1023
161,1023,1023,1023,1023,1023
162,1023,1023,1023,1023,1023
163,1023,1023,1023,1023,1023
164,1023,1023,1023,1023,1023
165,1023,1023,1023,1023,1023
166,1023,1023,1023,1023,1023
167,1023,1023,1023,1023,1023
168,1022,1022,1022,1022,1022
169,1022,1022,1022,1022,1022
170,1021,1021,1021,1021,1021
171,1021,1021,1021,1021,1021
172,1020,1020,1020,1020,1020
173,1020,1020,1020,1020,1020
174,1019,1019,1019,1019,1019
175,1019,1019,1019,1019,1019
176,1018,1018,1018,1018,1018
177,1018,1018,1018,1018,1018
178,1016,1016,1016,1016,1016
179,1016,1016,1016,1016,1016
180,1015,1015,1015,1015,1015
181,1015,1015,1015,1015,1015
182,1014,1014,1014,1014,1014
183,1014,1014,1014,1014,1014
184,1013,1013,1013,1013,1013
185,1013,1013,1013,1013,1013
186,1012,1012,1012,1012,1012
187,1012,1012,1012,1012,1012
188,1011,1011,1011,1011,1011
189,1011,1011,1011,1011,1011
190,1009,1009,1009,1009,1009
191,1009,1009,1009,1009,1009
192,1008,1008,1008,1008,1008
193,1008,1008,1008,1008,1008
194,1007,1007,1007,1007,1007
195,1007,1007,1007,1007,1007
196,1006,1006,1006,1006,1006
197,1006,1006,1006,1006,1006
198,1005,1005,1005,1005,1005
199,1005,1005,1005,1005,1005
200,1004,1004,1004,1004,1004
201,1004,1004,1004,1004,1004
202,1002,1002,1002,1002,1002
203,1002,1002,1002,1002,1002
204,1001,1001,1001,1001,1001
205,1001,1001,1001,1001,1001
206,1000,1000,1000,1000,1000
207,1000,1000,1000,1000,1000
208,999,999,999,999,999
209,999,999,999,999,999
210,998,998,998,998,998
211,998,998,998,998,998
212,997,997,997,997,997
213,997,997,997,997,997
214,995,995,995,995,995
215,995,995,995,995,995
216,994,994,994,994,994
217,994,994,994,994,994
218,993,993,993,993,993
219,993,993,993,993,993
220,992,992,992,992,992
221,992,992,992,992,992
222,991,991,991,991,991
223,991,991,991,991,991
224,990,990,990,990,990
225,990,990,990,990,990
226,988,988,988,988,988
227,988,988,988,988,988
228,987,987,987,987,987
229,987,987,987,987,987
230,986,986,986,986,986
231,986,986,986,986,986
232,985,985,985,985,985
233,985,985,985,985,985
234,984,984,984,984,984
235,984,984,984,984,984
236,983,983,983,983,983
237,983,983,983,983,983
238,981,981,981,981,981
239,981,981,981,981,981
240,980,980,980,980,980
241,980,980,980,980,980
242,979,979,979,979,979
243,979,979,979,979,979
244,978,978,978,978,978
245,978,978,978,978,978
246,977,977,977,977,977
247,977,977,977,977,977
248,976,976,976,976,976
249,976,976,976,976,976
250,974,974,974,974,974
251,974,974,974,974,974
252,973,973,973,973,973
253,973,973,973,973,973
254,972,972,972,972,972
255,972,972,972,972,972
256,971,971,971,971,971
257,971,971,971,971,971
258,970,970,970,970,970
259,970,970,970,970,970
260,969,969,969,969,969
261,969,969,969,969,969
262,967,967,967,967,967
263,967,967,967,967,967
264,966,966,966,966,966
265,966,966,966,966,966
266,965,965,965,965,965
267,965,965,965,965,965
268,964,964,964,964,964
269,964,964,964,964,964
270,963,963,963,963,963
271,963,963,963,963,963
272,962,962,962,962,962
273,962,962,962,962,962
274,960,960,960,960,960
275,960,960,960,960,960
276,959,959,959,959,959
277,959,959,959,959,959
278,958,958,958,958,958
279,958,958,958,958,958
280,957,957,957,957,957
281,957,957,957,957,957
282,956,956,956,956,956
283,956,956,956,956,956
284,955,955,955,955,955
285,955,955,955,955,955
286,953,953,953,953,953
287,953,953,953,953,953
288,952,952,952,952,952
289,952,952,952,952,952
290,951,951,951,951,951
291,951,951,951,951,951
292,950,950,950,950,950
293,950,950,950,950,950
294,949,949,949,949,949
295,949,949,949,949,949
296,948,948,948,948,948
297,948,948,948,948,948
298,946,946,946,946,946
299,946,946,946,946,946
300,945,945,945,945,945
301,945,945,945,945,945
302,944,944,944,944,944
303,944,944,944,944,944
304,943,943,943,943,943
305,943,943,943,943,943
306,942,942,942,942,942
307,942,942,942,942,942
308,941,941,941,941,941
309,941,941,941,941,941
310,939,939,939,939,939
311,939,939,939,939,939
312,938,938,938,938,938
313,938,938,938,938,938
314,937,937,937,937,937
315,937,937,937,937,937
316,936,936,936,936,936
317,936,936,936,936,936
318,935,935,935,935,935
319,935,935,935,935,935
320,934,934,934,934,934
321,934,934,934,934,934
322,932,932,932,932,932
323,932,932,932,932,932
324,931,931,931,931,931
325,931,931,931,931,931
326,930,930,930,930,930
327,930,930,930,930,930
328,929,929,929,929,929
329,929,929,929,929,929
330,928,928,928,928,928
331,928,928,928,928,928
332,926,926,926,926,926
333,926,926,926,926,926
334,925,925,925,925,925
335,925,925,925,925,925
336,924,924,924,924,924
337,924,924,924,924,924
338,923,923,923,923,923
339,923,923,923,923,923
340,922,922,922,922,922
341,922,922,922,922,922
342,921,921,921,921,921
343,921,921,921,921,921
344,919,919,919,919,919
345,919,919,919,919,919
346,918,918,918,918,918
347,918,918,918,918,918
348,917,917,917,917,917
349,917,917,917,917,917
350,916,916,916,916,916
351,916,916,916,916,916
352,915,915,915,915,915
353,915,915,915,915,915
354,914,914,914,914,914
355,914,914,914,914,914
356,913,913,913,913,913
357,913,913,913,913,913
358,911,911,911,911,911
359,911,911,911,911,911
360,910,910,910,910,910
361,910,910,910,910,910
362,909,909,909,909,909
363,909,909,909,909,909
364,908,908,908,908,908
365,908,908,908,908,908
366,907,907,907,907,907
367,907,907,907,907,907
368,906,906,906,906,906
369,906,906,906,906,906
370,904,904,904,904,904
371,904,904,904,904,904
372,903,903,903,903,903
373,903,903,903,903,903
374,902,902,902,902,902
375,902,902,902,902,902
376,901,901,901,901,901
377,901,901,901,901,901
378,900,900,900,900,900
379,900,900,900,900,900
380,898,898,898,898,898
381,898,898,898,898,898
382,897,897,897,897,897
383,897,897,897,897,897
384,896,896,896,896,896
385,896,896,896,896,896
386,895,895,895,895,895
387,895,895,895,895,895
388,894,894,894,894,894
389,894,894,894,894,894
390,893,893,893,893,893
391,893,893,893,893,893
392,892,892,892,892,892
393,892,892,892,892,892
394,890,890,890,890,890
395,890,890,890,890,890
396,889,889,889,889,889
397,889,889,889,889,889
398,888,888,888,888,888
399,888,888,888,888,888
400,887,887,887,887,887
401,887,887,887,887,887
402,886,886,886,886,886
403,886,886,886,886,886
404,884,884,884,884,884
405,884,884,884,884,884
406,883,883,883,883,883
407,883,883,883,883,883
408,882,882,882,882,882
409,882,882,882,882,882
410,881,881,881,881,881
411,881,881,881,881,881
412,880,880,880,880,880
413,880,880,880,880,880
414,879,879,879,879,879
415,879,879,879,879,879
416,877,877,877,877,877
417,877,877,877,877,877
418,876,876,876,876,876
419,876,876,876,876,876
420,875,875,875,875,875
421,875,875,875,875,875
422,874,874,874,874,874
423,874,874,874,874,874
424,873,873,873,873,873
425,873,873,873,873,873
426,872,872,872,872,872
427,872,872,872,872,872
428,870,870,870,870,870
429,870,870,870,870,870
430,869,869,869,869,869
431,869,869,869,869,869
432,868,868,868,868,868
433,868,868,868,868,868
434,867,867,867,867,867
435,867,867,867,867,867
436,866,866,866,866,866
437,866,866,866,866,866
438,865,865,865,865,865
439,865,865,865,865,865
440,864,864,864,864,864
441,864,864,864,864,864
442,862,862,862,862,862
443,862,862,862,862,862
444,861,861,861,861,861
445,861,861,861,861,861
446,860,860,860,860,860
447,860,860,860,860,860
448,859,859,859,859,859
449,859,859,859,859,859
450,858,858,858,858,858
451,858,858,858,858,858
452,856,856,856,856,856
453,856,856,856,856,856
454,855,855,855,855,855
455,855,855,855,855,855
456,854,854,854,854,854
457,854,854,854,854,854
458,853,853,853,853,853
459,853,853,853,853,853
460,852,852,852,852,852
461,852,852,852,852,852
462,850,850,850,850,850
463,850,850,850,850,850
464,849,849,849,849,849
465,849,849,849,849,849
466,848,848,848,848,848
467,848,848,848,848,848
468,847,847,847,847,847
469,847,847,847,847,847
470,846,846,846,846,846
471,846,846,846,846,846
472,845,845,845,845,845
473,845,845,845,845,845
474,843,843,843,843,843
475,843,843,843,843,843
476,842,842,842,842,842
477,842,842,842,842,842
478,841,841,841,841,841
479,841,841,841,841,841
480,840,840,840,840,840
481,840,840,840,840,840
482,839,839,839,839,839
483,839,839,839,839,839
484,837,837,837,837,837
485,837,837,837,837,837
486,836,836,836,836,836
487,836,836,836,836,836
488,835,835,835,835,835
489,835,835,835,835,835
490,834,834,834,834,834
491,834,834,834,834,834
492,833,833,833,833,833
493,833,833,833,833,833
494,832,832,832,832,832
495,832,832,832,832,832
496,830,830,830,830,830
497,830,830,830,830,830
498,829,829,829,829,829
499,829,829,829,829,829
500,828,828,828,828,828
501,828,828,828,828,828
502,827,827,827,827,827
503,827,827,827,827,827
504,826,826,826,826,826
505,826,826,826,826,826
506,825,825,825,825,825
507,825,825,825,825,825
508,823,823,823,823,823
509,823,823,823,823,823
510,822,822,822,822,822
511,822,822,822,822,822
512,821,821,821,821,821
513,821,821,821,821,821
514,820,820,820,820,820
515,820,820,820,820,820
516,819,819,819,819,819
517,819,819,819,819,819
518,818,818,818,818,818
519,818,818,818,818,818
520,816,816,816,816,816
521,816,816,816,816,816
522,815,815,815,815,815
523,815,815,815,815,815
524,814,814,814,814,814
525,814,814,814,814,814
526,813,813,813,813,813
527,813,813,813,813,813
528,812,812,812,812,812
529,812,812,812,812,812
530,811,811,811,811,811
531,811,811,811,811,811
532,809,809,809,809,809
533,809,809,809,809,809
534,808,808,808,808,808
535,808,808,808,808,808
536,807,807,807,807,807
537,807,807,807,807,807
538,806,806,806,806,806
539,806,806,806,806,806
540,805,805,805,805,805
541,805,805,805,805,805
542,804,804,804,804,804
543,804,804,804,804,804
544,802,802,802,802,802
545,802,802,802,802,802
546,801,801,801,801,801
547,801,801,801,801,801
548,800,800,800,800,800
549,800,800,800,800,800
550,799,799,799,799,799
551,799,799,799,799,799
552,798,798,798,798,798
553,798,798,798,798,798
554,797,797,797,797,797
555,797,797,797,797,797
556,795,795,795,795,795
557,795,795,795,795,795
558,794,794,794,794,794
559,794,794,794,794,794
560,793,793,793,793,793
561,793,793,793,793,793
562,792,792,792,792,792
563,792,792,792,792,792
564,791,791,791,791,791
565,791,791,791,791,791
566,790,790,790,790,790
567,790,790,790,790,790
568,788,788,788,788,788
569,788,788,788,788,788
570,787,787,787,787,787
571,787,787,787,787,787
572,786,786,786,786,786
573,786,786,786,786,786
574,785,785,785,785,785
575,785,785,785,785,785
576,784,784,784,784,784
577,784,784,784,784,784
578,783,783,783,783,783
579,783,783,783,783,783
580,781,781,781,781,781
581,781,781,781,781,781
582,780,780,780,780,780
583,780,780,780,780,780
584,779,779,779,779,779
585,779,779,779,779,779
586,778,778,778,778,778
587,778,778,778,778,778
588,777,777,777,777,777
589,777,777,777,777,777
590,776,776,776,776,776
591,776,776,776,776,776
592,774,774,774,774,774
593,774,774,774,774,774
594,773,773,773,773,773
595,773,773,773,773,773
596,772,772,772,772,772
597,772,772,772,772,772
598,771,771,771,771,771
599,771,771,771,771,771
600,770,770,770,770,770
601,770,770,770,770,770
602,769,769,769,769,769
603,769,769,769,769,769
604,767,767,767,767,767
605,767,767,767,767,767
606,766,766,766,766,766
607,766,766,766,766,766
608,765,765,765,765,765
609,765,765,765,765,765
610,764,764,764,764,764
611,764,764,764,764,764
612,763,763,763,763,763
613,763,763,763,763,763
614,762,762,762,762,762
615,762,762,762,762,762
616,760,760,760,760,760
617,760,760,760,760,760
618,759,759,759,759,759
619,759,759,759,759,759
620,758,758,758,758,758
621,758,758,758,758,758
622,757,757,757,757,757
623,757,757,757,757,757
624,756,756,756,756,756
625,756,756,756,756,756
626,755,755,755,755,755
627,755,755,755,755,755
628,753,753,753,753,753
629,753,753,753,753,753
630,752,752,752,752,752
631,752,752,752,752,752
632,751,751,751,751,751
633,751,751,751,751,751
634,750,750,750,750,750
635,750,750,750,750,750
636,749,749,749,749,749
637,749,749,749,749,749
638,748,748,748,748,748
639,748,748,748,748,748
640,746,746,746,746,746
641,746,746,746,746,746
642,745,745,745,745,745
643,745,745,745,745,745
644,744,744,744,744,744
645,744,744,744,744,744
646,743,743,743,743,743
647,743,743,743,743,743
648,742,742,742,742,742
649,742,742,742,742,742
650,740,740,740,740,740
651,740,740,740,740,740
652,739,739,739,739,739
653,739,739,739,739,739
654,738,738,738,738,738
655,738,738,738,738,738
656,737,737,737,737,737
657,737,737,737,737,737
658,736,736,736,736,736
659,736,736,736,736,736
660,735,735,735,735,735
661,735,735,735,735,735
662,734,734,734,734,734
663,734,734,734,734,734
664,732,732,732,732,732
665,732,732,732,732,732
666,731,731,731,731,731
667,731,731,731,731,731
668,730,730,730,730,730
669,730,730,730,730,730
670,729,729,729,729,729
671,729,729,729,729,729
672,728,728,728,728,728
673,728,728,728,728,728
674,727,727,727,727,727
675,727,727,727,727,727
676,725,725,725,725,725
677,725,725,725,725,725
678,724,724,724,724,724
679,724,724,724,724,724
680,723,723,723,723,723
681,723,723,723,723,723
682,722,722,722,722,722
683,722,722,722,722,722
684,721,721,721,721,721
685,721,721,721,721,721
686,719,719,719,719,719
687,719,719,719,719,719
688,718,718,718,718,718
689,718,718,718,718,718
690,717,717,717,717,717
691,717,717,717,717,717
692,716,716,716,716,716
693,716,716,716,716,716
694,715,715,715,715,715
695,715,715,715,715,715
696,714,714,714,714,714
697,714,714,714,714,714
698,712,712,712,712,712
699,712,712,712,712,712
700,711,711,711,711,711
701,711,711,711,711,711
702,710,710,710,710,710
703,710,710,710,710,710
704,709,709,709,709,709
705,709,709,709,709,709
706,708,708,708,708,708
707,708,708,708,708,708
708,707,707,707,707,707
709,707,707,707,707,707
710,705,705,705,705,705
711,705,705,705,705,705
712,704,704,704,704,704
713,704,704,704,704,704
714,703,703,703,703,703
715,703,703,703,703,703
716,702,702,702,702,702
717,702,702,702,702,702
718,701,701,701,701,701
719,701,701,701,701,701
720,700,700,700,700,700
721,700,700,700,700,700
722,698,698,698,698,698
723,698,698,698,698,698
724,697,697,697,697,697
725,697,697,697,697,697
726,696,696,696,696,696
727,696,696,696,696,696
728,695,695,695,695,695
729,695,695,695,695,695
730,694,694,694,694,694
731,694,694,694,694,694
732,693,693,693,693,693
733,693,693,693,693,693
734,692,692,692,692,692
735,692,692,692,692,692
736,690,690,690,690,690
737,690,690,690,690,690
738,689,689,689,689,689
739,689,689,689,689,689
740,688,688,688,688,688
741,688,688,688,688,688
742,687,687,687,687,687
743,687,687,687,687,687
744,686,686,686,686,686
745,686,686,686,686,686
746,685,685,685,685,685
747,685,685,685,685,685
748,683,683,683,683,683
749,683,683,683,683,683
750,682,682,682,682,682
751,682,682,682,682,682
752,681,681,681,681,681
753,681,681,681,681,681
754,680,680,680,680,680
755,680,680,680,680,680
756,679,679,679,679,679
757,679,679,679,679,679
758,678,678,678,678,678
759,678,678,678,678,678
760,676,676,676,676,676
761,676,676,676,676,676
762,675,675,675,675,675
763,675,675,675,675,675
764,674,674,674,674,674
765,674,674,674,674,674
766,673,673,673,673,673
767,673,673,673,673,673
768,672,672,672,672,672
769,672,672,672,672,672
770,670,670,670,670,670
771,670,670,670,670,670
772,669,669,669,669,669
773,669,669,669,669,669
774,668,668,668,668,668
775,668,668,668,668,668
776,667,667,667,667,667
777,667,667,667,667,667
778,666,666,666,666,666
779,666,666,666,666,666
780,665,665,665,665,665
781,665,665,665,665,665
782,663,663,663,663,663
783,663,663,663,663,663
784,662,662,662,662,662
785,662,662,662,662,662
786,661,661,661,661,661
787,661,661,661,661,661
788,660,660,660,660,660
789,660,660,660,660,660
790,659,659,659,659,659
791,659,659,659,659,659
792,658,658,658,658,658
793,658,658,658,658,658
794,656,656,656,656,656
795,656,656,656,656,656
796,655,655,655,655,655
797,655,655,655,655,655
798,654,654,654,654,654
799,654,654,654,654,654
800,653,653,653,653,653
801,653,653,653,653,653
802,652,652,652,652,652
803,652,652,652,652,652
804,651,651,651,651,651
805,651,651,651,651,651
806,649,649,649,649,649
807,649,649,649,649,649
808,648,648,648,648,648
809,648,648,648,648,648
810,647,647,647,647,647
811,647,647,647,647,647
812,646,646,646,646,646
813,646,646,646,646,646
814,645,645,645,645,645
815,645,645,645,645,645
816,644,644,644,644,644
817,644,644,644,644,644
818,642,642,642,642,642
819,642,642,642,642,642
820,641,641,641,641,641
821,641,641,641,641,641
822,640,640,640,640,640
823,640,640,640,640,640
824,639,639,639,639,639
825,639,639,639,639,639
826,638,638,638,638,638
827,638,638,638,638,638
828,637,637,637,637,637
829,637,637,637,637,637
830,635,635,635,635,635
831,635,635,635,635,635
832,634,634,634,634,634
833,634,634,634,634,634
834,633,633,633,633,633
835,633,633,633,633,633
836,632,632,632,632,632
837,632,632,632,632,632
838,631,631,631,631,631
839,631,631,631,631,631
840,630,630,630,630,630
841,630,630,630,630,630
842,628,628,628,628,628
843,628,628,628,628,628
844,627,627,627,627,627
845,627,627,627,627,627
846,626,626,626,626,626
847,626,626,626,626,626
848,625,625,625,625,625
849,625,625,625,625,625
850,624,624,624,624,624
851,624,624,624,624,624
852,623,623,623,623,623
853,623,623,623,623,623
854,621,621,621,621,621
855,621,621,621,621,621
856,620,620,620,620,620
857,620,620,620,620,620
858,619,619,619,619,619
859,619,619,619,619,619
860,618,618,618,618,618
861,618,618,618,618,618
862,617,617,617,617,617
863,617,617,617,617,617
864,616,616,616,616,616
865,616,616,616,616,616
866,614,614,614,614,614
867,614,614,614,614,614
868,613,613,613,613,613
869,613,613,613,613,613
870,612,612,612,612,612
871,612,612,612,612,612
872,611,611,611,611,611
873,611,611,611,611,611
874,610,610,610,610,610
875,610,610,610,610,610
876,609,609,609,609,609
877,609,609,609,609,609
878,607,607,607,607,607
879,607,607,607,607,607
880,606,606,606,606,606
881,606,606,606,606,606
882,605,605,605,605,605
883,605,605,605,605,605
884,604,604,604,604,604
885,604,604,604,604,604
886,603,603,603,603,603
887,603,603,603,603,603
888,602,602,602,602,602
889,602,602,602,602,602
890,600,600,600,600,600
891,600,600,600,600,600
892,599,599,599,599,599
893,599,599,599,599,599
894,598,598,598,598,598
895,598,598,598,598,598
896,597,597,597,597,597
897,597,597,597,597,597
898,596,596,596,596,596
899,596,596,596,596,596
900,595,595,595,595,595
901,595,595,595,595,595
902,593,593,593,593,593
903,593,593,593,593,593
904,592,592,592,592,592
905,592,592,592,592,592
906,591,591,591,591,591
907,591,591,591,591,591
908,590,590,590,590,590
909,590,590,590,590,590
910,589,589,589,589,589
911,589,589,589,589,589
912,588,588,588,588,588
913,588,588,588,588,588
914,586,586,586,586,586
915,586,586,586,586,586
916,585,585,585,585,585
917,585,585,585,585,585
918,584,584,584,584,584
919,584,584,584,584,584
920,583,583,583,583,583
921,583,583,583,583,583
922,582,582,582,582,582
923,582,582,582,582,582
924,580,580,580,580,580
925,580,580,580,580,580
926,579,579,579,579,579
927,579,579,579,579,579
928,578,578,578,578,578
929,578,578,578,578,578
930,577,577,577,577,577
931,577,577,577,577,577
932,576,576,576,576,576
933,576,576,576,576,576
934,575,575,575,575,575
935,575,575,575,575,575
936,574,574,574,574,574
937,574,574,574,574,574
938,572,572,572,572,572
939,572,572,572,572,572
940,571,571,571,571,571
941,571,571,571,571,571
942,570,570,570,570,570
943,570,570,570,570,570
944,569,569,569,569,569
945,569,569,569,569,569
946,568,568,568,568,568
947,568,568,568,568,568
948,566,566,566,566,566
949,566,566,566,566,566
950,565,565,565,565,565
951,565,565,565,565,565
952,564,564,564,564,564
953,564,564,564,564,564
954,563,563,563,563,563
955,563,563,563,563,563
956,562,562,562,562,562
957,562,562,562,562,562
958,561,561,561,561,561
959,561,561,561,561,561
960,559,559,559,559,559
961,559,559,559,559,559
962,558,558,558,558,558
963,558,558,558,558,558
964,557,557,557,557,557
965,557,557,557,557,557
966,556,556,556,556,556
967,556,556,556,556,556
968,555,555,555,555,555
969,555,555,555,555,555
970,554,554,554,554,554
971,554,554,554,554,554
972,552,552,552,552,552
973,552,552,552,552,552
974,551,551,551,551,551
975,551,551,551,551,551
976,550,550,550,550,550
977,550,550,550,550,550
978,549,549,549,549,549
979,549,549,549,549,549
980,548,548,548,548,548
981,548,548,548,548,548
982,547,547,547,547,547
983,547,547,547,547,547
984,545,545,545,545,545
985,545,545,545,545,545
986,544,544,544,544,544
987,544,544,544,544,544
988,543,543,543,543,543
989,543,543,543,543,543
990,542,542,542,542,542
991,542,542,542,542,542
992,541,541,541,541,541
993,541,541,541,541,541
994,540,540,540,540,540
995,540,540,540,540,540
996,538,538,538,538,538
997,538,538,538,538,538
998,537,537,537,537,537
999,537,537,537,537,537
1000,536,536,536,536,536
1001,536,536,536,536,536
1002,535,535,535,535,535
1003,535,535,535,535,535
1004,534,534,534,534,534
1005,534,534,534,534,534
1006,533,533,533,533,533
1007,533,533,533,533,533
1008,531,531,531,531,531
1009,531,531,531,531,531
1010,530,530,530,530,530
1011,530,530,530,530,530
1012,529,529,529,529,529
1013,529,529,529,529,529
1014,528,528,528,528,528
1015,528,528,528,528,528
1016,527,527,527,527,527
1017,527,527,527,527,527
1018,526,526,526,526,526
1019,526,526,526,526,526
1020,524,524,524,524,524
1021,524,524,524,524,524
1022,523,523,523,523,523
1023,523,523,523,523,523
1024,522,522,522,522,522
1025,522,522,522,522,522
1026,521,521,521,521,521
1027,521,521,521,521,521
1028,520,520,520,520,520
1029,520,520,520,520,520
1030,519,519,519,519,519
1031,519,519,519,519,519
1032,517,517,517,517,517
1033,517,517,517,517,517
1034,516,516,516,516,516
1035,516,516,516,516,516
1036,515,515,515,515,515
1037,515,515,515,515,515
1038,514,514,514,514,514
1039,514,514,514,514,514
1040,513,513,513,513,513
1041,513,513,513,513,513
1042,512,512,512,512,512
1043,512,512,512,512,512
1044,510,510,510,510,510
1045,510,510,510,510,510
1046,509,509,509,509,509
1047,509,509,509,509,509
1048,508,508,508,508,508
1049,508,508,508,508,508
1050,507,507,507,507,507
1051,507,507,507,507,507
1052,506,506,506,506,506
1053,506,506,506,506,506
1054,504,504,504,504,504
1055,504,504,504,504,504
1056,503,503,503,503,503
1057,503,503,503,503,503
1058,502,502,502,502,502
1059,502,502,502,502,502
1060,501,501,501,501,501
1061,501,501,501,501,501
1062,500,500,500,500,500
1063,500,500,500,500,500
1064,499,499,499,499,499
1065,499,499,499,499,499
1066,497,497,497,497,497
1067,497,497,497,497,497
1068,496,496,496,496,496
1069,496,496,496,496,496
1070,495,495,495,495,495
1071,495,495,495,495,495
1072,494,494,494,494,494
1073,494,494,494,494,494
1074,493,493,493,493,493
1075,493,493,493,493,493
1076,492,492,492,492,492
1077,492,492,492,492,492
1078,490,490,490,490,490
1079,490,490,490,490,490
1080,489,489,489,489,489
1081,489,489,489,489,489
1082,488,488,488,488,488
1083,488,488,488,488,488
1084,487,487,487,487,487
1085,487,487,487,487,487
1086,486,486,486,486,486
1087,486,486,486,486,486
1088,485,485,485,485,485
1089,485,485,485,485,485
1090,483,483,483,483,483
1091,483,483,483,483,483
1092,482,482,482,482,482
1093,482,482,482,482,482
1094,481,481,481,481,481
1095,481,481,481,481,481
1096,480,480,480,480,480
1097,480,480,480,480,480
1098,479,479,479,479,479
1099,479,479,479,479,479
1100,477,477,477,477,477
1101,477,477,477,477,477
1102,476,476,476,476,476
1103,476,476,476,476,476
1104,475,475,475,475,475
1105,475,475,475,475,475
1106,474,474,474,474,474
1107,474,474,474,474,474
1108,473,473,473,473,473
1109,473,473,473,473,473
1110,472,472,472,472,472
1111,472,472,472,472,472
1112,470,470,470,470,470
1113,470,470,470,470,470
1114,469,469,469,469,469
1115,469,469,469,469,469
1116,468,468,468,468,468
1117,468,468,468,468,468
1118,467,467,467,467,467
1119,467,467,467,467,467
1120,466,466,466,466,466
1121,466,466,466,466,466
1122,465,465,465,465,465
1123,465,465,465,465,465
1124,463,463,463,463,463
1125,463,463,463,463,463
1126,462,462,462,462,462
1127,462,462,462,462,462
1128,461,461,461,461,461
1129,461,461,461,461,461
1130,460,460,460,460,460
1131,460,460,460,460,460
1132,459,459,459,459,459
1133,459,459,459,459,459
1134,458,458,458,458,458
1135,458,458,458,458,458
1136,456,456,456,456,456
1137,456,456,456,456,456
1138,455,455,455,455,455
1139,455,455,455,455,455
1140,454,454,454,454,454
1141,454,454,454,454,454
1142,453,453,453,453,453
1143,453,453,453,453,453
1144,452,452,452,452,452
1145,452,452,452,452,452
1146,451,451,451,451,451
1147,451,451,451,451,451
1148,449,449,449,449,449
1149,449,449,449,449,449
1150,448,448,448,448,448
1151,448,448,448,448,448
1152,447,447,447,447,447
1153,447,447,447,447,447
1154,446,446,446,446,446
1155,446,446,446,446,446
1156,445,445,445,445,445
1157,445,445,445,445,445
1158,444,444,444,444,444
1159,444,444,444,444,444
1160,442,442,442,442,442
1161,442,442,442,442,442
1162,441,441,441,441,441
1163,441,441,441,441,441
1164,440,440,440,440,440
1165,440,440,440,440,440
1166,439,439,439,439,439
1167,439,439,439,439,439
1168,438,438,438,438,438
1169,438,438,438,438,438
1170,437,437,437,437,437
1171,437,437,437,437,437
1172,435,435,435,435,435
1173,435,435,435,435,435
1174,434,434,434,434,434
1175,434,434,434,434,434
1176,433,433,433,433,433
1177,433,433,433,433,433
1178,432,432,432,432,432
1179,432,432,432,432,432
1180,431,431,431,431,431
1181,431,431,431,431,431
1182,430,430,430,430,430
1183,430,430,430,430,430
1184,428,428,428,428,428
1185,428,428,428,428,428
1186,427,427,427,427,427
1187,427,427,427,427,427
1188,426,426,426,426,426
1189,426,426,426,426,426
1190,425,425,425,425,425
1191,425,425,425,425,425
1192,424,424,424,424,424
1193,424,424,424,424,424
1194,423,423,423,423,423
1195,423,423,423,423,423
1196,421,421,421,421,421
1197,421,421,421,421,421
1198,420,420,420,420,420
1199,420,420,420,420,420
1200,419,419,419,419,419
1201,419,419,419,419,419
1202,418,418,418,418,418
1203,418,418,418,418,418
1204,417,417,417,417,417
1205,417,417,417,417,417
1206,416,416,416,416,416
1207,416,416,416,416,416
1208,414,414,414,414,414
1209,414,414,414,414,414
1210,413,413,413,413,413
1211,413,413,413,413,413
1212,412,412,412,412,412
1213,412,412,412,412,412
1214,411,411,411,411,411
1215,411,411,411,411,411
1216,410,410,410,410,410
1217,410,410,410,410,410
1218,409,409,409,409,409
1219,409,409,409,409,409
1220,407,407,407,407,407
1221,407,407,407,407,407
1222,406,406,406,406,406
1223,406,406,406,406,406
1224,405,405,405,405,405
1225,405,405,405,405,405
1226,404,404,404,404,404
1227,404,404,404,404,404
1228,403,403,403,403,403
1229,403,403,403,403,403
1230,402,402,402,402,402
1231,402,402,402,402,402
1232,400,400,400,400,400
1233,400,400,400,400,400
1234,399,399,399,399,399
1235,399,399,399,399,399
1236,398,398,398,398,398
1237,398,398,398,398,398
1238,397,397,397,397,397
1239,397,397,397,397,397
1240,396,396,396,396,396
1241,396,396,396,396,396
1242,395,395,395,395,395
1243,395,395,395,395,395
1244,393,393,393,393,393
1245,393,393,393,393,393
1246,392,392,392,392,392
1247,392,392,392,392,392
1248,391,391,391,391,391
1249,391,391,391,391,391
1250,390,390,390,390,390
1251,390,390,390,390,390
1252,389,389,389,389,389
1253,389,389,389,389,389
1254,388,388,388,388,388
1255,388,388,388,388,388
1256,386,386,386,386,386
1257,386,386,386,386,386
1258,385,385,385,385,385
1259,385,385,385,385,385
1260,384,384,384,384,384
1261,384,384,384,384,384
1262,383,383,383,383,383
1263,383,383,383,383,383
1264,382,382,382,382,382
1265,382,382,382,382,382
1266,381,381,381,381,381
1267,381,381,381,381,381
1268,379,379,379,379,379
1269,379,379,379,379,379
1270,378,378,378,378,378
1271,378,378,378,378,378
1272,377,377,377,377,377
1273,377,377,377,377,377
1274,376,376,376,376,376
1275,376,376,376,376,376
1276,375,375,375,375,375
1277,375,375,375,375,375
1278,373,373,373,373,373
1279,373,373,373,373,373
1280,372,372,372,372,372
1281,372,372,372,372,372
1282,371,371,371,371,371
1283,371,371,371,371,371
1284,370,370,370,370,370
1285,370,370,370,370,370
1286,369,369,369,369,369
1287,369,369,369,369,369
1288,368,368,368,368,368
1289,368,368,368,368,368
1290,366,366,366,366,366
1291,366,366,366,366,366
1292,365,365,365,365,365
1293,365,365,365,365,365
1294,364,364,364,364,364
1295,364,364,364,364,364
1296,363,363,363,363,363
1297,363,363,363,363,363
1298,362,362,362,362,362
1299,362,362,362,362,362
1300,361,361,361,361,361
1301,361,361,361,361,361
1302,359,359,359,359,359
1303,359,359,359,359,359
1304,358,358,358,358,358
1305,358,358,358,358,358
1306,357,357,357,357,357
1307,357,357,357,357,357
1308,356,356,356,356,356
1309,356,356,356,356,356
1310,355,355,355,355,355
1311,355,355,355,355,355
1312,354,354,354,354,354
1313,354,354,354,354,354
1314,352,352,352,352,352
1315,352,352,352,352,352
1316,351,351,351,351,351
1317,351,351,351,351,351
1318,350,350,350,350,350
1319,350,350,350,350,350
1320,349,349,349,349,349
1321,349,349,349,349,349
1322,348,348,348,348,348
1323,348,348,348,348,348
1324,347,347,347,347,347
1325,347,347,347,347,347
1326,346,346,346,346,346
1327,346,346,346,346,346
1328,344,344,344,344,344
1329,344,344,344,344,344
1330,343,343,343,343,343
1331,343,343,343,343,343
1332,342,342,342,342,342
1333,342,342,342,342,342
1334,341,341,341,341,341
1335,341,341,341,341,341
1336,340,340,340,340,340
1337,340,340,340,340,340
1338,338,338,338,338,338
1339,338,338,338,338,338
1340,337,337,337,337,337
1341,337,337,337,337,337
1342,336,336,336,336,336
1343,336,336,336,336,336
1344,335,335,335,335,335
1345,335,335,335,335,335
1346,334,334,334,334,334
1347,334,334,334,334,334
1348,333,333,333,333,333
1349,333,333,333,333,333
1350,331,331,331,331,331
1351,331,331,331,331,331
1352,330,330,330,330,330
1353,330,330,330,330,330
1354,329,329,329,329,329
1355,329,329,329,329,329
1356,328,328,328,328,328
1357,328,328,328,328,328
1358,327,327,327,327,327
1359,327,327,327,327,327
1360,326,326,326,326,326
1361,326,326,326,326,326
1362,324,324,324,324,324
1363,324,324,324,324,324
1364,323,323,323,323,323
1365,323,323,323,323,323
1366,322,322,322,322,322
1367,322,322,322,322,322
1368,321,321,321,321,321
1369,321,321,321,321,321
1370,320,320,320,320,320
1371,320,320,320,320,320
1372,319,319,319,319,319
1373,319,319,319,319,319
1374,317,317,317,317,317
1375,317,317,317,317,317
1376,316,316,316,316,316
1377,316,316,316,316,316
1378,315,315,315,315,315
1379,315,315,315,315,315
1380,314,314,314,314,314
1381,314,314,314,314,314
1382,313,313,313,313,313
1383,313,313,313,313,313
1384,312,312,312,312,312
1385,312,312,312,312,312
1386,310,310,310,310,310
1387,310,310,310,310,310
1388,309,309,309,309,309
1389,309,309,309,309,309
1390,308,308,308,308,308
1391,308,308,308,308,308
1392,307,307,307,307,307
1393,307,307,307,307,307
1394,306,306,306,306,306
1395,306,306,306,306,306
1396,305,305,305,305,305
1397,305,305,305,305,305
1398,303,303,303,303,303
1399,303,303,303,303,303
1400,302,302,302,302,302
1401,302,302,302,302,302
1402,301,301,301,301,301
1403,301,301,301,301,301
1404,300,300,300,300,300
1405,300,300,300,300,300
1406,299,299,299,299,299
1407,299,299,299,299,299
1408,298,298,298,298,298
1409,298,298,298,298,298
1410,296,296,296,296,296
1411,296,296,296,296,296
1412,295,295,295,295,295
1413,295,295,295,295,295
1414,294,294,294,294,294
1415,294,294,294,294,294
1416,293,293,293,293,293
1417,293,293,293,293,293
1418,292,292,292,292,292
1419,292,292,292,292,292
1420,291,291,291,291,291
1421,291,291,291,291,291
1422,289,289,289,289,289
1423,289,289,289,289,289
1424,288,288,288,288,288
1425,288,288,288,288,288
1426,287,287,287,287,287
1427,287,287,287,287,287
1428,286,286,286,286,286
1429,286,286,286,286,286
1430,285,285,285,285,285
1431,285,285,285,285,285
1432,284,284,284,284,284
1433,284,284,284,284,284
1434,282,282,282,282,282
1435,282,282,282,282,282
1436,281,281,281,281,281
1437,281,281,281,281,281
1438,280,280,280,280,280
1439,280,280,280,280,280
1440,279,279,279,279,279
1441,279,279,279,279,279
1442,278,278,278,278,278
1443,278,278,278,278,278
1444,277,277,277,277,277
1445,277,277,277,277,277
1446,275,275,275,275,275
1447,275,275,275,275,275
1448,274,274,274,274,274
1449,274,274,274,274,274
1450,273,273,273,273,273
1451,273,273,273,273,273
1452,272,272,272,272,272
1453,272,272,272,272,272
1454,271,271,271,271,271
1455,271,271,271,271,271
1456,270,270,270,270,270
1457,270,270,270,270,270
1458,268,268,268,268,268
1459,268,268,268,268,268
1460,267,267,267,267,267
1461,267,267,267,267,267
1462,266,266,266,266,266
1463,266,266,266,266,266
1464,265,265,265,265,265
1465,265,265,265,265,265
1466,264,264,264,264,264
1467,264,264,264,264,264
1468,263,263,263,263,263
1469,263,263,263,263,263
1470,261,261,261,261,261
1471,261,261,261,261,261
1472,260,260,260,260,260
1473,260,260,260,260,260
1474,259,259,259,259,259
1475,259,259,259,259,259
1476,258,258,258,258,258
1477,258,258,258,258,258
1478,257,257,257,257,257
1479,257,257,257,257,257
1480,256,256,256,256,256
1481,256,256,256,256,256
1482,254,254,254,254,254
1483,254,254,254,254,254
1484,253,253,253,253,253
1485,253,253,253,253,253
1486,252,252,252,252,252
1487,252,252,252,252,252
1488,251,251,251,251,251
1489,251,251,251,251,251
1490,250,250,250,250,250
1491,250,250,250,250,250
1492,249,249,249,249,249
1493,249,249,249,249,249
1494,247,247,247,247,247
1495,247,247,247,247,247
1496,246,246,246,246,246
1497,246,246,246,246,246
1498,245,245,245,245,245
1499,245,245,245,245,245
1500,244,244,244,244,244
1501,244,244,244,244,244
1502,243,243,243,243,243
1503,243,243,243,243,243
1504,242,242,242,242,242
1505,242,242,242,242,242
1506,240,240,240,240,240
1507,240,240,240,240,240
1508,239,239,239,239,239
1509,239,239,239,239,239
1510,238,238,238,238,238
1511,238,238,238,238,238
1512,237,237,237,237,237
1513,237,237,237,237,237
1514,236,236,236,236,236
1515,236,236,236,236,236
1516,235,235,235,235,235
1517,235,235,235,235,235
1518,233,233,233,233,233
1519,233,233,233,233,233
1520,232,232,232,232,232
1521,232,232,232,232,232
1522,231,231,231,231,231
1523,231,231,231,231,231
1524,230,230,230,230,230
1525,230,230,230,230,230
1526,229,229,229,229,229
1527,229,229,229,229,229
1528,227,227,227,227,227
1529,227,227,227,227,227
1530,226,226,226,226,226
1531,226,226,226,226,226
1532,225,225,225,225,225
1533,225,225,225,225,225
1534,224,224,224,224,224
1535,224,224,224,224,224
1536,223,223,223,223,223
1537,223,223,223,223,223
1538,222,222,222,222,222
1539,222,222,222,222,222
1540,221,221,221,221,221
1541,221,221,221,221,221
1542,219,219,219,219,219
1543,219,219,219,219,219
1544,218,218,218,218,218
1545,218,218,218,218,218
1546,217,217,217,217,217
1547,217,217,217,217,217
1548,216,216,216,216,216
1549,216,216,216,216,216
1550,215,215,215,215,215
1551,215,215,215,215,215
1552,214,214,214,214,214
1553,214,214,214,214,214
1554,212,212,212,212,212
1555,212,212,212,212,212
1556,211,211,211,211,211
1557,211,211,211,211,211
1558,210,210,210,210,210
1559,210,210,210,210,210
1560,209,209,209,209,209
1561,209,209,209,209,209
1562,208,208,208,208,208
1563,208,208,208,208,208
1564,207,207,207,207,207
1565,207,207,207,207,207
1566,205,205,205,205,205
1567,205,205,205,205,205
1568,204,204,204,204,204
1569,204,204,204,204,204
1570,203,203,203,203,203
1571,203,203,203,203,203
1572,202,202,202,202,202
1573,202,202,202,202,202
1574,201,201,201,201,201
1575,201,201,201,201,201
1576,200,200,200,200,200
1577,200,200,200,200,200
1578,198,198,198,198,198
1579,198,198,198,198,198
1580,197,197,197,197,197
1581,197,197,197,197,197
1582,196,196,196,196,196
1583,196,196,196,196,196
1584,195,195,195,195,195
1585,195,195,195,195,195
1586,194,194,194,194,194
1587,194,194,194,194,194
1588,192,192,192,192,192
1589,192,192,192,192,192
1590,191,191,191,191,191
1591,191,191,191,191,191
1592,190,190,190,190,190
1593,190,190,190,190,190
1594,189,189,189,189,189
1595,189,189,189,189,189
1596,188,188,188,188,188
1597,188,188,188,188,188
1598,187,187,187,187,187
1599,187,187,187,187,187
1600,185,185,185,185,185
1601,185,185,185,185,185
1602,184,184,184,184,184
1603,184,184,184,184,184
1604,183,183,183,183,183
1605,183,183,183,183,183
1606,182,182,182,182,182
1607,182,182,182,182,182
1608,181,181,181,181,181
1609,181,181,181,181,181
1610,180,180,180,180,180
1611,180,180,180,180,180
1612,178,178,178,178,178
1613,178,178,178,178,178
1614,177,177,177,177,177
1615,177,177,177,177,177
1616,176,176,176,176,176
1617,176,176,176,176,176
1618,175,175,175,175,175
1619,175,175,175,175,175
1620,174,174,174,174,174
1621,174,174,174,174,174
1622,173,173,173,173,173
1623,173,173,173,173,173
1624,171,171,171,171,171
1625,171,171,171,171,171
1626,170,170,170,170,170
1627,170,170,170,170,170
1628,169,169,169,169,169
1629,169,169,169,169,169
1630,168,168,168,168,168
1631,168,168,168,168,168
1632,167,167,167,167,167
1633,167,167,167,167,167
1634,165,165,165,165,165
1635,165,165,165,165,165
1636,164,164,164,164,164
1637,164,164,164,164,164
1638,163,163,163,163,163
1639,163,163,163,163,163
1640,162,162,162,162,162
1641,162,162,162,162,162
1642,161,161,161,161,161
1643,161,161,161,161,161
1644,160,160,160,160,160
1645,160,160,160,160,160
1646,158,158,158,158,158
1647,158,158,158,158,158
1648,157,157,157,157,157
1649,157,157,157,157,157
1650,156,156,156,156,156
1651,156,156,156,156,156
1652,155,155,155,155,155
1653,155,155,155,155,155
1654,154,154,154,154,154
1655,154,154,154,154,154
1656,153,153,153,153,153
1657,153,153,153,153,153
1658,151,151,151,151,151
1659,151,151,151,151,151
1660,150,150,150,150,150
1661,150,150,150,150,150
1662,149,149,149,149,149
1663,149,149,149,149,149
1664,148,148,148,148,148
1665,148,148,148,148,148
1666,147,147,147,147,147
1667,147,147,147,147,147
1668,145,145,145,145,145
1669,145,145,145,145,145
1670,144,144,144,144,144
1671,144,144,144,144,144
1672,143,143,143,143,143
1673,143,143,143,143,143
1674,142,142,142,142,142
1675,142,142,142,142,142
1676,141,141,141,141,141
1677,141,141,141,141,141
1678,140,140,140,140,140
1679,140,140,140,140,140
1680,139,139,139,139,139
1681,139,139,139,139,139
1682,137,137,137,137,137
1683,137,137,137,137,137
1684,136,136,136,136,136
1685,136,136,136,136,136
1686,135,135,135,135,135
1687,135,135,135,135,135
1688,134,134,134,134,134
1689,134,134,134,134,134
1690,133,133,133,133,133
1691,133,133,133,133,133
1692,131,131,131,131,131
1693,131,131,131,131,131
1694,130,130,130,130,130
1695,130,130,130,130,130
1696,129,129,129,129,129
1697,129,129,129,129,129
1698,128,128,128,128,128
1699,128,128,128,128,128
1700,127,127,127,127,127
1701,127,127,127,127,127
1702,126,126,126,126,126
1703,126,126,126,126,126
1704,124,124,124,124,124
1705,124,124,124,124,124
1706,123,123,123,123,123
1707,123,123,123,123,123
1708,122,122,122,122,122
1709,122,122,122,122,122
1710,121,121,121,121,121
1711,121,121,121,121,121
1712,120,120,120,120,120
1713,120,120,120,120,120
1714,119,119,119,119,119
1715,119,119,119,119,119
1716,117,117,117,117,117
1717,117,117,117,117,117
1718,116,116,116,116,116
1719,116,116,116,116,116
1720,115,115,115,115,115
1721,115,115,115,115,115
1722,114,114,114,114,114
1723,114,114,114,114,114
1724,113,113,113,113,113
1725,113,113,113,113,113
1726,112,112,112,112,112
1727,112,112,112,112,112
1728,110,110,110,110,110
1729,110,110,110,110,110
1730,109,109,109,109,109
1731,109,109,109,109,109
1732,108,108,108,108,108
1733,108,108,108,108,108
1734,107,107,107,107,107
1735,107,107,107,107,107
1736,106,106,106,106,106
1737,106,106,106,106,106
1738,105,105,105,105,105
1739,105,105,105,105,105
1740,103,103,103,103,103
1741,103,103,103,103,103
1742,102,102,102,102,102
1743,102,102,102,102,102
1744,101,101,101,101,101
1745,101,101,101,101,101
1746,100,100,100,100,100
1747,100,100,100,100,100
1748,99,99,99,99,99
1749,99,99,99,99,99
1750,98,98,98,98,98
1751,98,98,98,98,98
1752,96,96,96,96,96
1753,96,96,96,96,96
1754,95,95,95,95,95
1755,95,95,95,95,95
1756,94,94,94,94,94
1757,94,94,94,94,94
1758,93,93,93,93,93
1759,93,93,93,93,93
1760,92,92,92,92,92
1761,92,92,92,92,92
1762,91,91,91,91,91
1763,91,91,91,91,91
1764,89,89,89,89,89
1765,89,89,89,89,89
1766,88,88,88,88,88
1767,88,88,88,88,88
1768,87,87,87,87,87
1769,87,87,87,87,87
1770,86,86,86,86,86
1771,86,86,86,86,86
1772,85,85,85,85,85
1773,85,85,85,85,85
1774,84,84,84,84,84
1775,84,84,84,84,84
1776,82,82,82,82,82
1777,82,82,82,82,82
1778,81,81,81,81,81
1779,81,81,81,81,81
1780,80,80,80,80,80
1781,80,80,80,80,80
1782,79,79,79,79,79
1783,79,79,79,79,79
1784,78,78,78,78,78
1785,78,78,78,78,78
1786,77,77,77,77,77
1787,77,77,77,77,77
1788,75,75,75,75,75
1789,75,75,75,75,75
1790,74,74,74,74,74
1791,74,74,74,74,74
1792,73,73,73,73,73
1793,73,73,73,73,73
1794,72,72,72,72,72
1795,72,72,72,72,72
1796,71,71,71,71,71
1797,71,71,71,71,71
1798,70,70,70,70,70
1799,70,70,70,70,70
1800,68,68,68,68,68
1801,68,68,68,68,68
1802,67,67,67,67,67
1803,67,67,67,67,67
1804,66,66,66,66,66
1805,66,66,66,66,66
1806,65,65,65,65,65
1807,65,65,65,65,65
1808,64,64,64,64,64
1809,64,64,64,64,64
1810,63,63,63,63,63
1811,63,63,63,63,63
1812,61,61,61,61,61
1813,61,61,61,61,61
1814,60,60,60,60,60
1815,60,60,60,60,60
1816,59,59,59,59,59
1817,59,59,59,59,59
1818,58,58,58,58,58
1819,58,58,58,58,58
1820,57,57,57,57,57
1821,57,57,57,57,57
1822,56,56,56,56,56
1823,56,56,56,56,56
1824,54,54,54,54,54
1825,54,54,54,54,54
1826,53,53,53,53,53
1827,53,53,53,53,53
1828,52,52,52,52,52
1829,52,52,52,52,52
1830,51,51,51,51,51
1831,51,51,51,51,51
1832,50,50,50,50,50
1833,50,50,50,50,50
1834,49,49,49,49,49
1835,49,49,49,49,49
1836,47,47,47,47,47
1837,47,47,47,47,47
1838,46,46,46,46,46
1839,46,46,46,46,46
1840,45,45,45,45,45
1841,45,45,45,45,45
1842,44,44,44,44,44
1843,44,44,44,44,44
1844,43,43,43,43,43
1845,43,43,43,43,43
1846,42,42,42,42,42
1847,42,42,42,42,42
1848,40,40,40,40,40
1849,40,40,40,40,40
1850,39,39,39,39,39
1851,39,39,39,39,39
1852,38,38,38,38,38
1853,38,38,38,38,38
1854,37,37,37,37,37
1855,37,37,37,37,37
1856,36,36,36,36,36
1857,36,36,36,36,36
1858,35,35,35,35,35
1859,35,35,35,35,35
1860,33,33,33,33,33
1861,33,33,33,33,33
1862,32,32,32,32,32
1863,32,32,32,32,32
1864,31,31,31,31,31
1865,31,31,31,31,31
1866,30,30,30,30,30
1867,30,30,30,30,30
1868,29,29,29,29,29
1869,29,29,29,29,29
1870,28,28,28,28,28
1871,28,28,28,28,28
1872,26,26,26,26,26
1873,26,26,26,26,26
1874,25,25,25,25,25
1875,25,25,25,25,25
1876,24,24,24,24,24
1877,24,24,24,24,24
1878,23,23,23,23,23
1879,23,23,23,23,23
1880,22,22,22,22,22
1881,22,22,22,22,22
1882,21,21,21,21,21
1883,21,21,21,21,21
1884,19,19,19,19,19
1885,19,19,19,19,19
1886,18,18,18,18,18
1887,18,18,18,18,18
1888,17,17,17,17,17
1889,17,17,17,17,17
1890,16,16,16,16,16
1891,16,16,16,16,16
1892,15,15,15,15,15
1893,15,15,15,15,15
1894,13,13,13,13,13
1895,13,13,13,13,13
1896,12,12,12,12,12
1897,12,12,12,12,12
1898,11,11,11,11,11
1899,11,11,11,11,11
1900,10,10,10,10,10
1901,10,10,10,10,10
1902,9,9,9,9,9
1903,9,9,9,9,9
1904,8,8,8,8,8
1905,8,8,8,8,8
1906,7,7,7,7,7
1907,7,7,7,7,7
1908,5,5,5,5,5
1909,5,5,5,5,5
1910,4,4,4,4,4
1911,4,4,4,4,4
1912,3,3,3,3,3
1913,3,3,3,3,3
1914,2,2,2,2,2
1915,2,2,2,2,2
1916,1,1,1,1,1
1917,1,1,1,1,1
1918,0,0,0,0,0
1919,0,0,0,0,0
1920,0,0,0,0,0
1921,0,0,0,0,0
1922,1,1,1,1,1
1923,1,1,1,1,1
1924,2,2,2,2,2
1925,2,2,2,2,2
1926,3,3,3,3,3
1927,3,3,3,3,3
1928,4,4,4,4,4
1929,4,4,4,4,4
1930,5,5,5,5,5
1931,5,5,5,5,5
1932,7,7,7,7,7
1933,7,7,7,7,7
1934,8,8,8,8,8
1935,8,8,8,8,8
1936,9,9,9,9,9
1937,9,9,9,9,9
1938,10,10,10,10,10
1939,10,10,10,10,10
1940,11,11,11,11,11
1941,11,11,11,11,11
1942,12,12,12,12,12
1943,12,12,12,12,12
1944,13,13,13,13,13
1945,13,13,13,13,13
1946,15,15,15,15,15
1947,15,15,15,15,15
1948,16,16,16,16,16
1949,16,16,16,16,16
1950,17,17,17,17,17
1951,17,17,17,17,17
1952,18,18,18,18,18
1953,18,18,18,18,18
1954,19,19,19,19,19
1955,19,19,19,19,19
1956,21,21,21,21,21
1957,21,21,21,21,21
1958,22,22,22,22,22
1959,22,22,22,22,22
1960,23,23,23,23,23
1961,23,23,23,23,23
1962,24,24,24,24,24
1963,24,24,24,24,24
1964,25,25,25,25,25
1965,25,25,25,25,25
1966,26,26,26,26,26
1967,26,26,26,26,26
1968,28,28,28,28,28
1969,28,28,28,28,28
1970,29,29,29,29,29
1971,29,29,29,29,29
1972,30,30,30,30,30
1973,30,30,30,30,30
1974,31,31,31,31,31
1975,31,31,31,31,31
1976,32,32,32,32,32
1977,32,32,32,32,32
1978,33,33,33,33,33
1979,33,33,33,33,33
1980,35,35,35,35,35
1981,35,35,35,35,35
1982,36,36,36,36,36
1983,36,36,36,36,36
1984,37,37,37,37,37
1985,37,37,37,37,37
1986,38,38,38,38,38
1987,38,38,38,38,38
1988,39,39,39,39,39
1989,39,39,39,39,39
1990,40,40,40,40,40
1991,40,40,40,40,40
1992,42,42,42,42,42
1993,42,42,42,42,42
1994,43,43,43,43,43
1995,43,43,43,43,43
1996,44,44,44,44,44
1997,44,44,44,44,44
1998,45,45,45,45,45
1999,45,45,45,45,45
2000,46,46,46,46,46
2001,46,46,46,46,46
2002,47,47,47,47,47
2003,47,47,47,47,47
2004,49,49,49,49,49
2005,49,49,49,49,49
2006,50,50,50,50,50
2007,50,50,50,50,50
2008,51,51,51,51,51
2009,51,51,51,51,51
2010,52,52,52,52,52
2011,52,52,52,52,52
2012,53,53,53,53,53
2013,53,53,53,53,53
2014,54,54,54,54,54
2015,54,54,54,54,54
2016,56,56,56,56,56
2017,56,56,56,56,56
2018,57,57,57,57,57
2019,57,57,57,57,57
2020,58,58,58,58,58
2021,58,58,58,58,58
2022,59,59,59,59,59
2023,59,59,59,59,59
2024,60,60,60,60,60
2025,60,60,60,60,60
2026,61,61,61,61,61
2027,61,61,61,61,61
2028,63,63,63,63,63
2029,63,63,63,63,63
2030,64,64,64,64,64
2031,64,64,64,64,64
2032,65,65,65,65,65
2033,65,65,65,65,65
2034,66,66,66,66,66
2035,66,66,66,66,66
2036,67,67,67,67,67
2037,67,67,67,67,67
2038,68,68,68,68,68
2039,68,68,68,68,68
2040,70,70,70,70,70
2041,70,70,70,70,70
2042,71,71,71,71,71
2043,71,71,71,71,71
2044,72,72,72,72,72
2045,72,72,72,72,72
2046,73,73,73,73,73
2047,73,73,73,73,73
2048,74,74,74,74,74
2049,74,74,74,74,74
2050,75,75,75,75,75
2051,75,75,75,75,75
2052,77,77,77,77,77
2053,77,77,77,77,77
2054,78,78,78,78,78
2055,78,78,78,78,78
2056,79,79,79,79,79
2057,79,79,79,79,79
2058,80,80,80,80,80
2059,80,80,80,80,80
2060,81,81,81,81,81
2061,81,81,81,81,81
2062,82,82,82,82,82
2063,82,82,82,82,82
2064,84,84,84,84,84
2065,84,84,84,84,84
2066,85,85,85,85,85
2067,85,85,85,85,85
2068,86,86,86,86,86
2069,86,86,86,86,86
2070,87,87,87,87,87
2071,87,87,87,87,87
2072,88,88,88,88,88
2073,88,88,88,88,88
2074,89,89,89,89,89
2075,89,89,89,89,89
2076,91,91,91,91,91
2077,91,91,91,91,91
2078,92,92,92,92,92
2079,92,92,92,92,92
2080,93,93,93,93,93
2081,93,93,93,93,93
2082,94,94,94,94,94
2083,94,94,94,94,94
2084,95,95,95,95,95
2085,95,95,95,95,95
2086,96,96,96,96,96
2087,96,96,96,96,96
2088,98,98,98,98,98
2089,98,98,98,98,98
2090,99,99,99,99,99
2091,99,99,99,99,99
2092,100,100,100,100,100
2093,100,100,100,100,100
2094,101,101,101,101,101
2095,101,101,101,101,101
2096,102,102,102,102,102
2097,102,102,102,102,102
2098,103,103,103,103,103
2099,103,103,103,103,103
2100,105,105,105,105,105
2101,105,105,105,105,105
2102,106,106,106,106,106
2103,106,106,106,106,106
2104,107,107,107,107,107
2105,107,107,107,107,107
2106,108,108,108,108,108
2107,108,108,108,108,108
2108,109,109,109,109,109
2109,109,109,109,109,109
2110,110,110,110,110,110
2111,110,110,110,110,110
2112,112,112,112,112,112
2113,112,112,112,112,112
2114,113,113,113,113,113
2115,113,113,113,113,113
2116,114,114,114,114,114
2117,114,114,114,114,114
2118,115,115,115,115,115
2119,115,115,115,115,115
2120,116,116,116,116,116
2121,116,116,116,116,116
2122,117,117,117,117,117
2123,117,117,117,117,117
2124,119,119,119,119,119
2125,119,119,119,119,119
2126,120,120,120,120,120
2127,120,120,120,120,120
2128,121,121,121,121,121
2129,121,121,121,121,121
2130,122,122,122,122,122
2131,122,122,122,122,122
2132,123,123,123,123,123
2133,123,123,123,123,123
2134,124,124,124,124,124
2135,124,124,124,124,124
2136,126,126,126,126,126
2137,126,126,126,126,126
2138,127,127,127,127,127
2139,127,127,127,127,127
2140,128,128,128,128,128
2141,128,128,128,128,128
2142,129,129,129,129,129
2143,129,129,129,129,129
2144,130,130,130,130,130
2145,130,130,130,130,130
2146,131,131,131,131,131
2147,131,131,131,131,131
2148,133,133,133,133,133
2149,133,133,133,133,133
2150,134,134,134,134,134
2151,134,134,134,134,134
2152,135,135,135,135,135
2153,135,135,135,135,135
2154,136,136,136,136,136
2155,136,136,136,136,136
2156,137,137,137,137,137
2157,137,137,137,137,137
2158,139,139,139,139,139
2159,139,139,139,139,139
2160,140,140,140,140,140
2161,140,140,140,140,140
2162,141,141,141,141,141
2163,141,141,141,141,141
2164,142,142,142,142,142
2165,142,142,142,142,142
2166,143,143,143,143,143
2167,143,143,143,143,143
2168,144,144,144,144,144
2169,144,144,144,144,144
2170,145,145,145,145,145
2171,145,145,145,145,145
2172,147,147,147,147,147
2173,147,147,147,147,147
2174,148,148,148,148,148
2175,148,148,148,148,148
2176,149,149,149,149,149
2177,149,149,149,149,149
2178,150,150,150,150,150
2179,150,150,150,150,150
2180,151,151,151,151,151
2181,151,151,151,151,151
2182,153,153,153,153,153
2183,153,153,153,153,153
2184,154,154,154,154,154
2185,154,154,154,154,154
2186,155,155,155,155,155
2187,155,155,155,155,155
2188,156,156,156,156,156
2189,156,156,156,156,156
2190,157,157,157,157,157
2191,157,157,157,157,157
2192,158,158,158,158,158
2193,158,158,158,158,158
2194,160,160,160,160,160
2195,160,160,160,160,160
2196,161,161,161,161,161
2197,161,161,161,161,161
2198,162,162,162,162,162
2199,162,162,162,162,162
2200,163,163,163,163,163
2201,163,163,163,163,163
2202,164,164,164,164,164
2203,164,164,164,164,164
2204,165,165,165,165,165
2205,165,165,165,165,165
2206,167,167,167,167,167
2207,167,167,167,167,167
2208,168,168,168,168,168
2209,168,168,168,168,168
2210,169,169,169,169,169
2211,169,169,169,169,169
2212,170,170,170,170,170
2213,170,170,170,170,170
2214,171,171,171,171,171
2215,171,171,171,171,171
2216,173,173,173,173,173
2217,173,173,173,173,173
2218,174,174,174,174,174
2219,174,174,174,174,174
2220,175,175,175,175,175
2221,175,175,175,175,175
2222,176,176,176,176,176
2223,176,176,176,176,176
2224,177,177,177,177,177
2225,177,177,177,177,177
2226,178,178,178,178,178
2227,178,178,178,178,178
2228,180,180,180,180,180
2229,180,180,180,180,180
2230,181,181,181,181,181
2231,181,181,181,181,181
2232,182,182,182,182,182
2233,182,182,182,182,182
2234,183,183,183,183,183
2235,183,183,183,183,183
2236,184,184,184,184,184
2237,184,184,184,184,184
2238,185,185,185,185,185
2239,185,185,185,185,185
2240,187,187,187,187,187
2241,187,187,187,187,187
2242,188,188,188,188,188
2243,188,188,188,188,188
2244,189,189,189,189,189
2245,189,189,189,189,189
2246,190,190,190,190,190
2247,190,190,190,190,190
2248,191,191,191,191,191
2249,191,191,191,191,191
2250,192,192,192,192,192
2251,192,192,192,192,192
2252,194,194,194,194,194
2253,194,194,194,194,194
2254,195,195,195,195,195
2255,195,195,195,195,195
2256,196,196,196,196,196
2257,196,196,196,196,196
2258,197,197,197,197,197
2259,197,197,197,197,197
2260,198,198,198,198,198
2261,198,198,198,198,198
2262,200,200,200,200,200
2263,200,200,200,200,200
2264,201,201,201,201,201
2265,201,201,201,201,201
2266,202,202,202,202,202
2267,202,202,202,202,202
2268,203,203,203,203,203
2269,203,203,203,203,203
2270,204,204,204,204,204
2271,204,204,204,204,204
2272,205,205,205,205,205
2273,205,205,205,205,205
2274,207,207,207,207,207
2275,207,207,207,207,207
2276,208,208,208,208,208
2277,208,208,208,208,208
2278,209,209,209,209,209
2279,209,209,209,209,209
2280,210,210,210,210,210
2281,210,210,210,210,210
2282,211,211,211,211,211
2283,211,211,211,211,211
2284,212,212,212,212,212
2285,212,212,212,212,212
2286,214,214,214,214,214
2287,214,214,214,214,214
2288,215,215,215,215,215
2289,215,215,215,215,215
2290,216,216,216,216,216
2291,216,216,216,216,216
2292,217,217,217,217,217
2293,217,217,217,217,217
2294,218,218,218,218,218
2295,218,218,218,218,218
2296,219,219,219,219,219
2297,219,219,219,219,219
2298,221,221,221,221,221
2299,221,221,221,221,221
2300,222,222,222,222,222
2301,222,222,222,222,222
2302,223,223,223,223,223
2303,223,223,223,223,223
2304,224,224,224,224,224
2305,224,224,224,224,224
2306,225,225,225,225,225
2307,225,225,225,225,225
2308,226,226,226,226,226
2309,226,226,226,226,226
2310,227,227,227,227,227
2311,227,227,227,227,227
2312,229,229,229,229,229
2313,229,229,229,229,229
2314,230,230,230,230,230
2315,230,230,230,230,230
2316,231,231,231,231,231
2317,231,231,231,231,231
2318,232,232,232,232,232
2319,232,232,232,232,232
2320,233,233,233,233,233
2321,233,233,233,233,233
2322,235,235,235,235,235
2323,235,235,235,235,235
2324,236,236,236,236,236
2325,236,236,236,236,236
2326,237,237,237,237,237
2327,237,237,237,237,237
2328,238,238,238,238,238
2329,238,238,238,238,238
2330,239,239,239,239,239
2331,239,239,239,239,239
2332,240,240,240,240,240
2333,240,240,240,240,240
2334,242,242,242,242,242
2335,242,242,242,242,242
2336,243,243,243,243,243
2337,243,243,243,243,243
2338,244,244,244,244,244
2339,244,244,244,244,244
2340,245,245,245,245,245
2341,245,245,245,245,245
2342,246,246,246,246,246
2343,246,246,246,246,246
2344,247,247,247,247,247
2345,247,247,247,247,247
2346,249,249,249,249,249
2347,249,249,249,249,249
2348,250,250,250,250,250
2349,250,250,250,250,250
2350,251,251,251,251,251
2351,251,251,251,251,251
2352,252,252,252,252,252
2353,252,252,252,252,252
2354,253,253,253,253,253
2355,253,253,253,253,253
2356,254,254,254,254,254
2357,254,254,254,254,254
2358,256,256,256,256,256
2359,256,256,256,256,256
2360,257,257,257,257,257
2361,257,257,257,257,257
2362,258,258,258,258,258
2363,258,258,258,258,258
2364,259,259,259,259,259
2365,259,259,259,259,259
2366,260,260,260,260,260
2367,260,260,260,260,260
2368,261,261,261,261,261
2369,261,261,261,261,261
2370,263,263,263,263,263
2371,263,263,263,263,263
2372,264,264,264,264,264
2373,264,264,264,264,264
2374,265,265,265,265,265
2375,265,265,265,265,265
2376,266,266,266,266,266
2377,266,266,266,266,266
2378,267,267,267,267,267
2379,267,267,267,267,267
2380,268,268,268,268,268
2381,268,268,268,268,268
2382,270,270,270,270,270
2383,270,270,270,270,270
2384,271,271,271,271,271
2385,271,271,271,271,271
2386,272,272,272,272,272
2387,272,272,272,272,272
2388,273,273,273,273,273
2389,273,273,273,273,273
2390,274,274,274,274,274
2391,274,274,274,274,274
2392,275,275,275,275,275
2393,275,275,275,275,275
2394,277,277,277,277,277
2395,277,277,277,277,277
2396,278,278,278,278,278
2397,278,278,278,278,278
2398,279,279,279,279,279
2399,279,279,279,279,279
2400,280,280,280,280,280
2401,280,280,280,280,280
2402,281,281,281,281,281
2403,281,281,281,281,281
2404,282,282,282,282,282
2405,282,282,282,282,282
2406,284,284,284,284,284
2407,284,284,284,284,284
2408,285,285,285,285,285
2409,285,285,285,285,285
2410,286,286,286,286,286
2411,286,286,286,286,286
2412,287,287,287,287,287
2413,287,287,287,287,287
2414,288,288,288,288,288
2415,288,288,288,288,288
2416,289,289,289,289,289
2417,289,289,289,289,289
2418,291,291,291,291,291
2419,291,291,291,291,291
2420,292,292,292,292,292
2421,292,292,292,292,292
2422,293,293,293,293,293
2423,293,293,293,293,293
2424,294,294,294,294,294
2425,294,294,294,294,294
2426,295,295,295,295,295
2427,295,295,295,295,295
2428,296,296,296,296,296
2429,296,296,296,296,296
2430,298,298,298,298,298
2431,298,298,298,298,298
2432,299,299,299,299,299
2433,299,299,299,299,299
2434,300,300,300,300,300
2435,300,300,300,300,300
2436,301,301,301,301,301
2437,301,301,301,301,301
2438,302,302,302,302,302
2439,302,302,302,302,302
2440,303,303,303,303,303
2441,303,303,303,303,303
2442,305,305,305,305,305
2443,305,305,305,305,305
2444,306,306,306,306,306
2445,306,306,306,306,306
2446,307,307,307,307,307
2447,307,307,307,307,307
2448,308,308,308,308,308
2449,308,308,308,308,308
2450,309,309,309,309,309
2451,309,309,309,309,309
2452,310,310,310,310,310
2453,310,310,310,310,310
2454,312,312,312,312,312
2455,312,312,312,312,312
2456,313,313,313,313,313
2457,313,313,313,313,313
2458,314,314,314,314,314
2459,314,314,314,314,314
2460,315,315,315,315,315
2461,315,315,315,315,315
2462,316,316,316,316,316
2463,316,316,316,316,316
2464,317,317,317,317,317
2465,317,317,317,317,317
2466,319,319,319,319,319
2467,319,319,319,319,319
2468,320,320,320,320,320
2469,320,320,320,320,320
2470,321,321,321,321,321
2471,321,321,321,321,321
2472,322,322,322,322,322
2473,322,322,322,322,322
2474,323,323,323,323,323
2475,323,323,323,323,323
2476,324,324,324,324,324
2477,324,324,324,324,324
2478,326,326,326,326,326
2479,326,326,326,326,326
2480,327,327,327,327,327
2481,327,327,327,327,327
2482,328,328,328,328,328
2483,328,328,328,328,328
2484,329,329,329,329,329
2485,329,329,329,329,329
2486,330,330,330,330,330
2487,330,330,330,330,330
2488,331,331,331,331,331
2489,331,331,331,331,331
2490,333,333,333,333,333
2491,333,333,333,333,333
2492,334,334,334,334,334
2493,334,334,334,334,334
2494,335,335,335,335,335
2495,335,335,335,335,335
2496,336,336,336,336,336
2497,336,336,336,336,336
2498,337,337,337,337,337
2499,337,337,337,337,337
2500,338,338,338,338,338
2501,338,338,338,338,338
2502,340,340,340,340,340
2503,340,340,340,340,340
2504,341,341,341,341,341
2505,341,341,341,341,341
2506,342,342,342,342,342
2507,342,342,342,342,342
2508,343,343,343,343,343
2509,343,343,343,343,343
2510,344,344,344,344,344
2511,344,344,344,344,344
2512,346,346,346,346,346
2513,346,346,346,346,346
2514,347,347,347,347,347
2515,347,347,347,347,347
2516,348,348,348,348,348
2517,348,348,348,348,348
2518,349,349,349,349,349
2519,349,349,349,349,349
2520,350,350,350,350,350
2521,350,350,350,350,350
2522,351,351,351,351,351
2523,351,351,351,351,351
2524,352,352,352,352,352
2525,352,352,352,352,352
2526,354,354,354,354,354
2527,354,354,354,354,354
2528,355,355,355,355,355
2529,355,355,355,355,355
2530,356,356,356,356,356
2531,356,356,356,356,356
2532,357,357,357,357,357
2533,357,357,357,357,357
2534,358,358,358,358,358
2535,358,358,358,358,358
2536,359,359,359,359,359
2537,359,359,359,359,359
2538,361,361,361,361,361
2539,361,361,361,361,361
2540,362,362,362,362,362
2541,362,362,362,362,362
2542,363,363,363,363,363
2543,363,363,363,363,363
2544,364,364,364,364,364
2545,364,364,364,364,364
2546,365,365,365,365,365
2547,365,365,365,365,365
2548,366,366,366,366,366
2549,366,366,366,366,366
2550,368,368,368,368,368
2551,368,368,368,368,368
2552,369,369,369,369,369
2553,369,369,369,369,369
2554,370,370,370,370,370
2555,370,370,370,370,370
2556,371,371,371,371,371
2557,371,371,371,371,371
2558,372,372,372,372,372
2559,372,372,372,372,372
2560,373,373,373,373,373
2561,373,373,373,373,373
2562,375,375,375,375,375
2563,375,375,375,375,375
2564,376,376,376,376,376
2565,376,376,376,376,376
2566,377,377,377,377,377
2567,377,377,377,377,377
2568,378,378,378,378,378
2569,378,378,378,378,378
2570,379,379,379,379,379
2571,379,379,379,379,379
2572,381,381,381,381,381
2573,381,381,381,381,381
2574,382,382,382,382,382
2575,382,382,382,382,382
2576,383,383,383,383,383
2577,383,383,383,383,383
2578,384,384,384,384,384
2579,384,384,384,384,384
2580,385,385,385,385,385
2581,385,385,385,385,385
2582,386,386,386,386,386
2583,386,386,386,386,386
2584,388,388,388,388,388
2585,388,388,388,388,388
2586,389,389,389,389,389
2587,389,389,389,389,389
2588,390,390,390,390,390
2589,390,390,390,390,390
2590,391,391,391,391,391
2591,391,391,391,391,391
2592,392,392,392,392,392
2593,392,392,392,392,392
2594,393,393,393,393,393
2595,393,393,393,393,393
2596,395,395,395,395,395
2597,395,395,395,395,395
2598,396,396,396,396,396
2599,396,396,396,396,396
2600,397,397,397,397,397
2601,397,397,397,397,397
2602,398,398,398,398,398
2603,398,398,398,398,398
2604,399,399,399,399,399
2605,399,399,399,399,399
2606,400,400,400,400,400
2607,400,400,400,400,400
2608,402,402,402,402,402
2609,402,402,402,402,402
2610,403,403,403,403,403
2611,403,403,403,403,403
2612,404,404,404,404,404
2613,404,404,404,404,404
2614,405,405,405,405,405
2615,405,405,405,405,405
2616,406,406,406,406,406
2617,406,406,406,406,406
2618,407,407,407,407,407
2619,407,407,407,407,407
2620,409,409,409,409,409
2621,409,409,409,409,409
2622,410,410,410,410,410
2623,410,410,410,410,410
2624,411,411,411,411,411
2625,411,411,411,411,411
2626,412,412,412,412,412
2627,412,412,412,412,412
2628,413,413,413,413,413
2629,413,413,413,413,413
2630,414,414,414,414,414
2631,414,414,414,414,414
2632,416,416,416,416,416
2633,416,416,416,416,416
2634,417,417,417,417,417
2635,417,417,417,417,417
2636,418,418,418,418,418
2637,418,418,418,418,418
2638,419,419,419,419,419
2639,419,419,419,419,419
2640,420,420,420,420,420
2641,420,420,420,420,420
2642,421,421,421,421,421
2643,421,421,421,421,421
2644,423,423,423,423,423
2645,423,423,423,423,423
2646,424,424,424,424,424
2647,424,424,424,424,424
2648,425,425,425,425,425
2649,425,425,425,425,425
2650,426,426,426,426,426
2651,426,426,426,426,426
2652,427,427,427,427,427
2653,427,427,427,427,427
2654,428,428,428,428,428
2655,428,428,428,428,428
2656,430,430,430,430,430
2657,430,430,430,430,430
2658,431,431,431,431,431
2659,431,431,431,431,431
2660,432,432,432,432,432
2661,432,432,432,432,432
2662,433,433,433,433,433
2663,433,433,433,433,433
2664,434,434,434,434,434
2665,434,434,434,434,434
2666,435,435,435,435,435
2667,435,435,435,435,435
2668,437,437,437,437,437
2669,437,437,437,437,437
2670,438,438,438,438,438
2671,438,438,438,438,438
2672,439,439,439,439,439
2673,439,439,439,439,439
2674,440,440,440,440,440
2675,440,440,440,440,440
2676,441,441,441,441,441
2677,441,441,441,441,441
2678,442,442,442,442,442
2679,442,442,442,442,442
2680,444,444,444,444,444
2681,444,444,444,444,444
2682,445,445,445,445,445
2683,445,445,445,445,445
2684,446,446,446,446,446
2685,446,446,446,446,446
2686,447,447,447,447,447
2687,447,447,447,447,447
2688,448,448,448,448,448
2689,448,448,448,448,448
2690,449,449,449,449,449
2691,449,449,449,449,449
2692,451,451,451,451,451
2693,451,451,451,451,451
2694,452,452,452,452,452
2695,452,452,452,452,452
2696,453,453,453,453,453
2697,453,453,453,453,453
2698,454,454,454,454,454
2699,454,454,454,454,454
2700,455,455,455,455,455
2701,455,455,455,455,455
2702,456,456,456,456,456
2703,456,456,456,456,456
2704,458,458,458,458,458
2705,458,458,458,458,458
2706,459,459,459,459,459
2707,459,459,459,459,459
2708,460,460,460,460,460
2709,460,460,460,460,460
2710,461,461,461,461,461
2711,461,461,461,461,461
2712,462,462,462,462,462
2713,462,462,462,462,462
2714,463,463,463,463,463
2715,463,463,463,463,463
2716,465,465,465,465,465
2717,465,465,465,465,465
2718,466,466,466,466,466
2719,466,466,466,466,466
2720,467,467,467,467,467
2721,467,467,467,467,467
2722,468,468,468,468,468
2723,468,468,468,468,468
2724,469,469,469,469,469
2725,469,469,469,469,469
2726,470,470,470,470,470
2727,470,470,470,470,470
2728,472,472,472,472,472
2729,472,472,472,472,472
2730,473,473,473,473,473
2731,473,473,473,473,473
2732,474,474,474,474,474
2733,474,474,474,474,474
2734,475,475,475,475,475
2735,475,475,475,475,475
2736,476,476,476,476,476
2737,476,476,476,476,476
2738,477,477,477,477,477
2739,477,477,477,477,477
2740,479,479,479,479,479
2741,479,479,479,479,479
2742,480,480,480,480,480
2743,480,480,480,480,480
2744,481,481,481,481,481
2745,481,481,481,481,481
2746,482,482,482,482,482
2747,482,482,482,482,482
2748,483,483,483,483,483
2749,483,483,483,483,483
2750,485,485,485,485,485
2751,485,485,485,485,485
2752,486,486,486,486,486
2753,486,486,486,486,486
2754,487,487,487,487,487
2755,487,487,487,487,487
2756,488,488,488,488,488
2757,488,488,488,488,488
2758,489,489,489,489,489
2759,489,489,489,489,489
2760,490,490,490,490,490
2761,490,490,490,490,490
2762,492,492,492,492,492
2763,492,492,492,492,492
2764,493,493,493,493,493
2765,493,493,493,493,493
2766,494,494,494,494,494
2767,494,494,494,494,494
2768,495,495,495,495,495
2769,495,495,495,495,495
2770,496,496,496,496,496
2771,496,496,496,496,496
2772,497,497,497,497,497
2773,497,497,497,497,497
2774,499,499,499,499,499
2775,499,499,499,499,499
2776,500,500,500,500,500
2777,500,500,500,500,500
2778,501,501,501,501,501
2779,501,501,501,501,501
2780,502,502,502,502,502
2781,502,502,502,502,502
2782,503,503,503,503,503
2783,503,503,503,503,503
2784,504,504,504,504,504
2785,504,504,504,504,504
2786,506,506,506,506,506
2787,506,506,506,506,506
2788,507,507,507,507,507
2789,507,507,507,507,507
2790,508,508,508,508,508
2791,508,508,508,508,508
2792,509,509,509,509,509
2793,509,509,509,509,509
2794,510,510,510,510,510
2795,510,510,510,510,510
2796,512,512,512,512,512
2797,512,512,512,512,512
2798,513,513,513,513,513
2799,513,513,513,513,513
2800,514,514,514,514,514
2801,514,514,514,514,514
2802,515,515,515,515,515
2803,515,515,515,515,515
2804,516,516,516,516,516
2805,516,516,516,516,516
2806,517,517,517,517,517
2807,517,517,517,517,517
2808,519,519,519,519,519
2809,519,519,519,519,519
2810,520,520,520,520,520
2811,520,520,520,520,520
2812,521,521,521,521,521
2813,521,521,521,521,521
2814,522,522,522,522,522
2815,522,522,522,522,522
2816,523,523,523,523,523
2817,523,523,523,523,523
2818,524,524,524,524,524
2819,524,524,524,524,524
2820,526,526,526,526,526
2821,526,526,526,526,526
2822,527,527,527,527,527
2823,527,527,527,527,527
2824,528,528,528,528,528
2825,528,528,528,528,528
2826,529,529,529,529,529
2827,529,529,529,529,529
2828,530,530,530,530,530
2829,530,530,530,530,530
2830,531,531,531,531,531
2831,531,531,531,531,531
2832,533,533,533,533,533
2833,533,533,533,533,533
2834,534,534,534,534,534
2835,534,534,534,534,534
2836,535,535,535,535,535
2837,535,535,535,535,535
2838,536,536,536,536,536
2839,536,536,536,536,536
2840,537,537,537,537,537
2841,537,537,537,537,537
2842,538,538,538,538,538
2843,538,538,538,538,538
2844,540,540,540,540,540
2845,540,540,540,540,540
2846,541,541,541,541,541
2847,541,541,541,541,541
2848,542,542,542,542,542
2849,542,542,542,542,542
2850,543,543,543,543,543
2851,543,543,543,543,543
2852,544,544,544,544,544
2853,544,544,544,544,544
2854,545,545,545,545,545
2855,545,545,545,545,545
2856,547,547,547,547,547
2857,547,547,547,547,547
2858,548,548,548,548,548
2859,548,548,548,548,548
2860,549,549,549,549,549
2861,549,549,549,549,549
2862,550,550,550,550,550
2863,550,550,550,550,550
2864,551,551,551,551,551
2865,551,551,551,551,551
2866,552,552,552,552,552
2867,552,552,552,552,552
2868,554,554,554,554,554
2869,554,554,554,554,554
2870,555,555,555,555,555
2871,555,555,555,555,555
2872,556,556,556,556,556
2873,556,556,556,556,556
2874,557,557,557,557,557
2875,557,557,557,557,557
2876,558,558,558,558,558
2877,558,558,558,558,558
2878,559,559,559,559,559
2879,559,559,559,559,559
2880,561,561,561,561,561
2881,561,561,561,561,561
2882,562,562,562,562,562
2883,562,562,562,562,562
2884,563,563,563,563,563
2885,563,563,563,563,563
2886,564,564,564,564,564
2887,564,564,564,564,564
2888,565,565,565,565,565
2889,565,565,565,565,565
2890,566,566,566,566,566
2891,566,566,566,566,566
2892,568,568,568,568,568
2893,568,568,568,568,568
2894,569,569,569,569,569
2895,569,569,569,569,569
2896,570,570,570,570,570
2897,570,570,570,570,570
2898,571,571,571,571,571
2899,571,571,571,571,571
2900,572,572,572,572,572
2901,572,572,572,572,572
2902,574,574,574,574,574
2903,574,574,574,574,574
2904,575,575,575,575,575
2905,575,575,575,575,575
2906,576,576,576,576,576
2907,576,576,576,576,576
2908,577,577,577,577,577
2909,577,577,577,577,577
2910,578,578,578,578,578
2911,578,578,578,578,578
2912,579,579,579,579,579
2913,579,579,579,579,579
2914,580,580,580,580,580
2915,580,580,580,580,580
2916,582,582,582,582,582
2917,582,582,582,582,582
2918,583,583,583,583,583
2919,583,583,583,583,583
2920,584,584,584,584,584
2921,584,584,584,584,584
2922,585,585,585,585,585
2923,585,585,585,585,585
2924,586,586,586,586,586
2925,586,586,586,586,586
2926,588,588,588,588,588
2927,588,588,588,588,588
2928,589,589,589,589,589
2929,589,589,589,589,589
2930,590,590,590,590,590
2931,590,590,590,590,590
2932,591,591,591,591,591
2933,591,591,591,591,591
2934,592,592,592,592,592
2935,592,592,592,592,592
2936,593,593,593,593,593
2937,593,593,593,593,593
2938,595,595,595,595,595
2939,595,595,595,595,595
2940,596,596,596,596,596
2941,596,596,596,596,596
2942,597,597,597,597,597
2943,597,597,597,597,597
2944,598,598,598,598,598
2945,598,598,598,598,598
2946,599,599,599,599,599
2947,599,599,599,599,599
2948,600,600,600,600,600
2949,600,600,600,600,600
2950,602,602,602,602,602
2951,602,602,602,602,602
2952,603,603,603,603,603
2953,603,603,603,603,603
2954,604,604,604,604,604
2955,604,604,604,604,604
2956,605,605,605,605,605
2957,605,605,605,605,605
2958,606,606,606,606,606
2959,606,606,606,606,606
2960,607,607,607,607,607
2961,607,607,607,607,607
2962,609,609,609,609,609
2963,609,609,609,609,609
2964,610,610,610,610,610
2965,610,610,610,610,610
2966,611,611,611,611,611
2967,611,611,611,611,611
2968,612,612,612,612,612
2969,612,612,612,612,612
2970,613,613,613,613,613
2971,613,613,613,613,613
2972,614,614,614,614,614
2973,614,614,614,614,614
2974,616,616,616,616,616
2975,616,616,616,616,616
2976,617,617,617,617,617
2977,617,617,617,617,617
2978,618,618,618,618,618
2979,618,618,618,618,618
2980,619,619,619,619,619
2981,619,619,619,619,619
2982,620,620,620,620,620
2983,620,620,620,620,620
2984,621,621,621,621,621
2985,621,621,621,621,621
2986,623,623,623,623,623
2987,623,623,623,623,623
2988,624,624,624,624,624
2989,624,624,624,624,624
2990,625,625,625,625,625
2991,625,625,625,625,625
2992,626,626,626,626,626
2993,626,626,626,626,626
2994,627,627,627,627,627
2995,627,627,627,627,627
2996,628,628,628,628,628
2997,628,628,628,628,628
2998,630,630,630,630,630
2999,630,630,630,630,630
3000,631,631,631,631,631
3001,631,631,631,631,631
3002,632,632,632,632,632
3003,632,632,632,632,632
3004,633,633,633,633,633
3005,633,633,633,633,633
3006,634,634,634,634,634
3007,634,634,634,634,634
3008,635,635,635,635,635
3009,635,635,635,635,635
3010,637,637,637,637,637
3011,637,637,637,637,637
3012,638,638,638,638,638
3013,638,638,638,638,638
3014,639,639,639,639,639
3015,639,639,639,639,639
3016,640,640,640,640,640
3017,640,640,640,640,640
3018,641,641,641,641,641
3019,641,641,641,641,641
3020,642,642,642,642,642
3021,642,642,642,642,642
3022,644,644,644,644,644
3023,644,644,644,644,644
3024,645,645,645,645,645
3025,645,645,645,645,645
3026,646,646,646,646,646
3027,646,646,646,646,646
3028,647,647,647,647,647
3029,647,647,647,647,647
3030,648,648,648,648,648
3031,648,648,648,648,648
3032,649,649,649,649,649
3033,649,649,649,649,649
3034,651,651,651,651,651
3035,651,651,651,651,651
3036,652,652,652,652,652
3037,652,652,652,652,652
3038,653,653,653,653,653
3039,653,653,653,653,653
3040,654,654,654,654,654
3041,654,654,654,654,654
3042,655,655,655,655,655
3043,655,655,655,655,655
3044,656,656,656,656,656
3045,656,656,656,656,656
3046,658,658,658,658,658
3047,658,658,658,658,658
3048,659,659,659,659,659
3049,659,659,659,659,659
3050,660,660,660,660,660
3051,660,660,660,660,660
3052,661,661,661,661,661
3053,661,661,661,661,661
3054,662,662,662,662,662
3055,662,662,662,662,662
3056,663,663,663,663,663
3057,663,663,663,663,663
3058,665,665,665,665,665
3059,665,665,665,665,665
3060,666,666,666,666,666
3061,666,666,666,666,666
3062,667,667,667,667,667
3063,667,667,667,667,667
3064,668,668,668,668,668
3065,668,668,668,668,668
3066,669,669,669,669,669
3067,669,669,669,669,669
3068,670,670,670,670,670
3069,670,670,670,670,670
3070,672,672,672,672,672
3071,672,672,672,672,672
3072,673,673,673,673,673
3073,673,673,673,673,673
3074,674,674,674,674,674
3075,674,674,674,674,674
3076,675,675,675,675,675
3077,675,675,675,675,675
3078,676,676,676,676,676
3079,676,676,676,676,676
3080,678,678,678,678,678
3081,678,678,678,678,678
3082,679,679,679,679,679
3083,679,679,679,679,679
3084,680,680,680,680,680
3085,680,680,680,680,680
3086,681,681,681,681,681
3087,681,681,681,681,681
3088,682,682,682,682,682
3089,682,682,682,682,682
3090,683,683,683,683,683
3091,683,683,683,683,683
3092,685,685,685,685,685
3093,685,685,685,685,685
3094,686,686,686,686,686
3095,686,686,686,686,686
3096,687,687,687,687,687
3097,687,687,687,687,687
3098,688,688,688,688,688
3099,688,688,688,688,688
3100,689,689,689,689,689
3101,689,689,689,689,689
3102,690,690,690,690,690
3103,690,690,690,690,690
3104,692,692,692,692,692
3105,692,692,692,692,692
3106,693,693,693,693,693
3107,693,693,693,693,693
3108,694,694,694,694,694
3109,694,694,694,694,694
3110,695,695,695,695,695
3111,695,695,695,695,695
3112,696,696,696,696,696
3113,696,696,696,696,696
3114,697,697,697,697,697
3115,697,697,697,697,697
3116,698,698,698,698,698
3117,698,698,698,698,698
3118,700,700,700,700,700
3119,700,700,700,700,700
3120,701,701,701,701,701
3121,701,701,701,701,701
3122,702,702,702,702,702
3123,702,702,702,702,702
3124,703,703,703,703,703
3125,703,703,703,703,703
3126,704,704,704,704,704
3127,704,704,704,704,704
3128,705,705,705,705,705
3129,705,705,705,705,705
3130,707,707,707,707,707
3131,707,707,707,707,707
3132,708,708,708,708,708
3133,708,708,708,708,708
3134,709,709,709,709,709
3135,709,709,709,709,709
3136,710,710,710,710,710
3137,710,710,710,710,710
3138,711,711,711,711,711
3139,711,711,711,711,711
3140,712,712,712,712,712
3141,712,712,712,712,712
3142,714,714,714,714,714
3143,714,714,714,714,714
3144,715,715,715,715,715
3145,715,715,715,715,715
3146,716,716,716,716,716
3147,716,716,716,716,716
3148,717,717,717,717,717
3149,717,717,717,717,717
3150,718,718,718,718,718
3151,718,718,718,718,718
3152,719,719,719,719,719
3153,719,719,719,719,719
3154,721,721,721,721,721
3155,721,721,721,721,721
3156,722,722,722,722,722
3157,722,722,722,722,722
3158,723,723,723,723,723
3159,723,723,723,723,723
3160,724,724,724,724,724
3161,724,724,724,724,724
3162,725,725,725,725,725
3163,725,725,725,725,725
3164,727,727,727,727,727
3165,727,727,727,727,727
3166,728,728,728,728,728
3167,728,728,728,728,728
3168,729,729,729,729,729
3169,729,729,729,729,729
3170,730,730,730,730,730
3171,730,730,730,730,730
3172,731,731,731,731,731
3173,731,731,731,731,731
3174,732,732,732,732,732
3175,732,732,732,732,732
3176,734,734,734,734,734
3177,734,734,734,734,734
3178,735,735,735,735,735
3179,735,735,735,735,735
3180,736,736,736,736,736
3181,736,736,736,736,736
3182,737,737,737,737,737
3183,737,737,737,737,737
3184,738,738,738,738,738
3185,738,738,738,738,738
3186,739,739,739,739,739
3187,739,739,739,739,739
3188,740,740,740,740,740
3189,740,740,740,740,740
3190,742,742,742,742,742
3191,742,742,742,742,742
3192,743,743,743,743,743
3193,743,743,743,743,743
3194,744,744,744,744,744
3195,744,744,744,744,744
3196,745,745,745,745,745
3197,745,745,745,745,745
3198,746,746,746,746,746
3199,746,746,746,746,746
3200,748,748,748,748,748
3201,748,748,748,748,748
3202,749,749,749,749,749
3203,749,749,749,749,749
3204,750,750,750,750,750
3205,750,750,750,750,750
3206,751,751,751,751,751
3207,751,751,751,751,751
3208,752,752,752,752,752
3209,752,752,752,752,752
3210,753,753,753,753,753
3211,753,753,753,753,753
3212,755,755,755,755,755
3213,755,755,755,755,755
3214,756,756,756,756,756
3215,756,756,756,756,756
3216,757,757,757,757,757
3217,757,757,757,757,757
3218,758,758,758,758,758
3219,758,758,758,758,758
3220,759,759,759,759,759
3221,759,759,759,759,759
3222,760,760,760,760,760
3223,760,760,760,760,760
3224,762,762,762,762,762
3225,762,762,762,762,762
3226,763,763,763,763,763
3227,763,763,763,763,763
3228,764,764,764,764,764
3229,764,764,764,764,764
3230,765,765,765,765,765
3231,765,765,765,765,765
3232,766,766,766,766,766
3233,766,766,766,766,766
3234,767,767,767,767,767
3235,767,767,767,767,767
3236,769,769,769,769,769
3237,769,769,769,769,769
3238,770,770,770,770,770
3239,770,770,770,770,770
3240,771,771,771,771,771
3241,771,771,771,771,771
3242,772,772,772,772,772
3243,772,772,772,772,772
3244,773,773,773,773,773
3245,773,773,773,773,773
3246,774,774,774,774,774
3247,774,774,774,774,774
3248,776,776,776,776,776
3249,776,776,776,776,776
3250,777,777,777,777,777
3251,777,777,777,777,777
3252,778,778,778,778,778
3253,778,778,778,778,778
3254,779,779,779,779,779
3255,779,779,779,779,779
3256,780,780,780,780,780
3257,780,780,780,780,780
3258,781,781,781,781,781
3259,781,781,781,781,781
3260,783,783,783,783,783
3261,783,783,783,783,783
3262,784,784,784,784,784
3263,784,784,784,784,784
3264,785,785,785,785,785
3265,785,785,785,785,785
3266,786,786,786,786,786
3267,786,786,786,786,786
3268,787,787,787,787,787
3269,787,787,787,787,787
3270,788,788,788,788,788
3271,788,788,788,788,788
3272,790,790,790,790,790
3273,790,790,790,790,790
3274,791,791,791,791,791
3275,791,791,791,791,791
3276,792,792,792,792,792
3277,792,792,792,792,792
3278,793,793,793,793,793
3279,793,793,793,793,793
3280,794,794,794,794,794
3281,794,794,794,794,794
3282,795,795,795,795,795
3283,795,795,795,795,795
3284,797,797,797,797,797
3285,797,797,797,797,797
3286,798,798,798,798,798
3287,798,798,798,798,798
3288,799,799,799,799,799
3289,799,799,799,799,799
3290,800,800,800,800,800
3291,800,800,800,800,800
3292,801,801,801,801,801
3293,801,801,801,801,801
3294,802,802,802,802,802
3295,802,802,802,802,802
3296,804,804,804,804,804
3297,804,804,804,804,804
3298,805,805,805,805,805
3299,805,805,805,805,805
3300,806,806,806,806,806
3301,806,806,806,806,806
3302,807,807,807,807,807
3303,807,807,807,807,807
3304,808,808,808,808,808
3305,808,808,808,808,808
3306,809,809,809,809,809
3307,809,809,809,809,809
3308,811,811,811,811,811
3309,811,811,811,811,811
3310,812,812,812,812,812
3311,812,812,812,812,812
3312,813,813,813,813,813
3313,813,813,813,813,813
3314,814,814,814,814,814
3315,814,814,814,814,814
3316,815,815,815,815,815
3317,815,815,815,815,815
3318,816,816,816,816,816
3319,816,816,816,816,816
3320,818,818,818,818,818
3321,818,818,818,818,818
3322,819,819,819,819,819
3323,819,819,819,819,819
3324,820,820,820,820,820
3325,820,820,820,820,820
3326,821,821,821,821,821
3327,821,821,821,821,821
3328,822,822,822,822,822
3329,822,822,822,822,822
3330,823,823,823,823,823
3331,823,823,823,823,823
3332,825,825,825,825,825
3333,825,825,825,825,825
3334,826,826,826,826,826
3335,826,826,826,826,826
3336,827,827,827,827,827
3337,827,827,827,827,827
3338,828,828,828,828,828
3339,828,828,828,828,828
3340,829,829,829,829,829
3341,829,829,829,829,829
3342,830,830,830,830,830
3343,830,830,830,830,830
3344,832,832,832,832,832
3345,832,832,832,832,832
3346,833,833,833,833,833
3347,833,833,833,833,833
3348,834,834,834,834,834
3349,834,834,834,834,834
3350,835,835,835,835,835
3351,835,835,835,835,835
3352,836,836,836,836,836
3353,836,836,836,836,836
3354,837,837,837,837,837
3355,837,837,837,837,837
3356,839,839,839,839,839
3357,839,839,839,839,839
3358,840,840,840,840,840
3359,840,840,840,840,840
3360,841,841,841,841,841
3361,841,841,841,841,841
3362,842,842,842,842,842
3363,842,842,842,842,842
3364,843,843,843,843,843
3365,843,843,843,843,843
3366,845,845,845,845,845
3367,845,845,845,845,845
3368,846,846,846,846,846
3369,846,846,846,846,846
3370,847,847,847,847,847
3371,847,847,847,847,847
3372,848,848,848,848,848
3373,848,848,848,848,848
3374,849,849,849,849,849
3375,849,849,849,849,849
3376,850,850,850,850,850
3377,850,850,850,850,850
3378,852,852,852,852,852
3379,852,852,852,852,852
3380,853,853,853,853,853
3381,853,853,853,853,853
3382,854,854,854,854,854
3383,854,854,854,854,854
3384,855,855,855,855,855
3385,855,855,855,855,855
3386,856,856,856,856,856
3387,856,856,856,856,856
3388,858,858,858,858,858
3389,858,858,858,858,858
3390,859,859,859,859,859
3391,859,859,859,859,859
3392,860,860,860,860,860
3393,860,860,860,860,860
3394,861,861,861,861,861
3395,861,861,861,861,861
3396,862,862,862,862,862
3397,862,862,862,862,862
3398,864,864,864,864,864
3399,864,864,864,864,864
3400,865,865,865,865,865
3401,865,865,865,865,865
3402,866,866,866,866,866
3403,866,866,866,866,866
3404,867,867,867,867,867
3405,867,867,867,867,867
3406,868,868,868,868,868
3407,868,868,868,868,868
3408,869,869,869,869,869
3409,869,869,869,869,869
3410,870,870,870,870,870
3411,870,870,870,870,870
3412,872,872,872,872,872
3413,872,872,872,872,872
3414,873,873,873,873,873
3415,873,873,873,873,873
3416,874,874,874,874,874
3417,874,874,874,874,874
3418,875,875,875,875,875
3419,875,875,875,875,875
3420,876,876,876,876,876
3421,876,876,876,876,876
3422,877,877,877,877,877
3423,877,877,877,877,877
3424,879,879,879,879,879
3425,879,879,879,879,879
3426,880,880,880,880,880
3427,880,880,880,880,880
3428,881,881,881,881,881
3429,881,881,881,881,881
3430,882,882,882,882,882
3431,882,882,882,882,882
3432,883,883,883,883,883
3433,883,883,883,883,883
3434,884,884,884,884,884
3435,884,884,884,884,884
3436,886,886,886,886,886
3437,886,886,886,886,886
3438,887,887,887,887,887
3439,887,887,887,887,887
3440,888,888,888,888,888
3441,888,888,888,888,888
3442,889,889,889,889,889
3443,889,889,889,889,889
3444,890,890,890,890,890
3445,890,890,890,890,890
3446,892,892,892,892,892
3447,892,892,892,892,892
3448,893,893,893,893,893
3449,893,893,893,893,893
3450,894,894,894,894,894
3451,894,894,894,894,894
3452,895,895,895,895,895
3453,895,895,895,895,895
3454,896,896,896,896,896
3455,896,896,896,896,896
3456,897,897,897,897,897
3457,897,897,897,897,897
3458,898,898,898,898,898
3459,898,898,898,898,898
3460,900,900,900,900,900
3461,900,900,900,900,900
3462,901,901,901,901,901
3463,901,901,901,901,901
3464,902,902,902,902,902
3465,902,902,902,902,902
3466,903,903,903,903,903
3467,903,903,903,903,903
3468,904,904,904,904,904
3469,904,904,904,904,904
3470,906,906,906,906,906
3471,906,906,906,906,906
3472,907,907,907,907,907
3473,907,907,907,907,907
3474,908,908,908,908,908
3475,908,908,908,908,908
3476,909,909,909,909,909
3477,909,909,909,909,909
3478,910,910,910,910,910
3479,910,910,910,910,910
3480,911,911,911,911,911
3481,911,911,911,911,911
3482,913,913,913,913,913
3483,913,913,913,913,913
3484,914,914,914,914,914
3485,914,914,914,914,914
3486,915,915,915,915,915
3487,915,915,915,915,915
3488,916,916,916,916,916
3489,916,916,916,916,916
3490,917,917,917,917,917
3491,917,917,917,917,917
3492,918,918,918,918,918
3493,918,918,918,918,918
3494,919,919,919,919,919
3495,919,919,919,919,919
3496,921,921,921,921,921
3497,921,921,921,921,921
3498,922,922,922,922,922
3499,922,922,922,922,922
3500,923,923,923,923,923
3501,923,923,923,923,923
3502,924,924,924,924,924
3503,924,924,924,924,924
3504,925,925,925,925,925
3505,925,925,925,925,925
3506,926,926,926,926,926
3507,926,926,926,926,926
3508,928,928,928,928,928
3509,928,928,928,928,928
3510,929,929,929,929,929
3511,929,929,929,929,929
3512,930,930,930,930,930
3513,930,930,930,930,930
3514,931,931,931,931,931
3515,931,931,931,931,931
3516,932,932,932,932,932
3517,932,932,932,932,932
3518,934,934,934,934,934
3519,934,934,934,934,934
3520,935,935,935,935,935
3521,935,935,935,935,935
3522,936,936,936,936,936
3523,936,936,936,936,936
3524,937,937,937,937,937
3525,937,937,937,937,937
3526,938,938,938,938,938
3527,938,938,938,938,938
3528,939,939,939,939,939
3529,939,939,939,939,939
3530,941,941,941,941,941
3531,941,941,941,941,941
3532,942,942,942,942,942
3533,942,942,942,942,942
3534,943,943,943,943,943
3535,943,943,943,943,943
3536,944,944,944,944,944
3537,944,944,944,944,944
3538,945,945,945,945,945
3539,945,945,945,945,945
3540,946,946,946,946,946
3541,946,946,946,946,946
3542,948,948,948,948,948
3543,948,948,948,948,948
3544,949,949,949,949,949
3545,949,949,949,949,949
3546,950,950,950,950,950
3547,950,950,950,950,950
3548,951,951,951,951,951
3549,951,951,951,951,951
3550,952,952,952,952,952
3551,952,952,952,952,952
3552,953,953,953,953,953
3553,953,953,953,953,953
3554,955,955,955,955,955
3555,955,955,955,955,955
3556,956,956,956,956,956
3557,956,956,956,956,956
3558,957,957,957,957,957
3559,957,957,957,957,957
3560,958,958,958,958,958
3561,958,958,958,958,958
3562,959,959,959,959,959
3563,959,959,959,959,959
3564,960,960,960,960,960
3565,960,960,960,960,960
3566,962,962,962,962,962
3567,962,962,962,962,962
3568,963,963,963,963,963
3569,963,963,963,963,963
3570,964,964,964,964,964
3571,964,964,964,964,964
3572,965,965,965,965,965
3573,965,965,965,965,965
3574,966,966,966,966,966
3575,966,966,966,966,966
3576,967,967,967,967,967
3577,967,967,967,967,967
3578,969,969,969,969,969
3579,969,969,969,969,969
3580,970,970,970,970,970
3581,970,970,970,970,970
3582,971,971,971,971,971
3583,971,971,971,971,971
3584,972,972,972,972,972
3585,972,972,972,972,972
3586,973,973,973,973,973
3587,973,973,973,973,973
3588,974,974,974,974,974
3589,974,974,974,974,974
3590,976,976,976,976,976
3591,976,976,976,976,976
3592,977,977,977,977,977
3593,977,977,977,977,977
3594,978,978,978,978,978
3595,978,978,978,978,978
3596,979,979,979,979,979
3597,979,979,979,979,979
3598,980,980,980,980,980
3599,980,980,980,980,980
3600,981,981,981,981,981
3601,981,981,981,981,981
3602,983,983,983,983,983
3603,983,983,983,983,983
3604,984,984,984,984,984
3605,984,984,984,984,984
3606,985,985,985,985,985
3607,985,985,985,985,985
3608,986,986,986,986,986
3609,986,986,986,986,986
3610,987,987,987,987,987
3611,987,987,987,987,987
3612,988,988,988,988,988
3613,988,988,988,988,988
3614,990,990,990,990,990
3615,990,990,990,990,990
3616,991,991,991,991,991
3617,991,991,991,991,991
3618,992,992,992,992,992
3619,992,992,992,992,992
3620,993,993,993,993,993
3621,993,993,993,993,993
3622,994,994,994,994,994
3623,994,994,994,994,994
3624,995,995,995,995,995
3625,995,995,995,995,995
3626,997,997,997,997,997
3627,997,997,997,997,997
3628,998,998,998,998,998
3629,998,998,998,998,998
3630,999,999,999,999,999
3631,999,999,999,999,999
3632,1000,1000,1000,1000,1000
3633,1000,1000,1000,1000,1000
3634,1001,1001,1001,1001,1001
3635,1001,1001,1001,1001,1001
3636,1002,1002,1002,1002,1002
3637,1002,1002,1002,1002,1002
3638,1004,1004,1004,1004,1004
3639,1004,1004,1004,1004,1004
3640,1005,1005,1005,1005,1005
3641,1005,1005,1005,1005,1005
3642,1006,1006,1006,1006,1006
3643,1006,1006,1006,1006,1006
3644,1007,1007,1007,1007,1007
3645,1007,1007,1007,1007,1007
3646,1008,1008,1008,1008,1008
3647,1008,1008,1008,1008,1008
3648,1009,1009,1009,1009,1009
3649,1009,1009,1009,1009,1009
3650,1011,1011,1011,1011,1011
3651,1011,1011,1011,1011,1011
3652,1012,1012,1012,1012,1012
3653,1012,1012,1012,1012,1012
3654,1013,1013,1013,1013,1013
3655,1013,1013,1013,1013,1013
3656,1014,1014,1014,1014,1014
3657,1014,1014,1014,1014,1014
3658,1015,1015,1015,1015,1015
3659,1015,1015,1015,1015,1015
3660,1016,1016,1016,1016,1016
3661,1016,1016,1016,1016,1016
3662,1018,1018,1018,1018,1018
3663,1018,1018,1018,1018,1018
3664,1019,1019,1019,1019,1019
3665,1019,1019,1019,1019,1019
3666,1020,1020,1020,1020,1020
3667,1020,1020,1020,1020,1020
3668,1021,1021,1021,1021,1021
3669,1021,1021,1021,1021,1021
3670,1022,1022,1022,1022,1022
3671,1022,1022,1022,1022,1022
3672,1023,1023,1023,1023,1023
3673,1023,1023,1023,1023,1023
3674,1023,1023,1023,1023,1023
3675,1023,1023,1023,1023,1023
3676,1023,1023,1023,1023,1023
3677,1023,1023,1023,1023,1023
3678,1023,1023,1023,1023,1023
3679,1023,1023,1023,1023,1023
3680,1023,1023,1023,1023,1023
3681,1023,1023,1023,1023,1023
3682,1023,1023,1023,1023,1023
3683,1023,1023,1023,1023,1023
3684,1023,1023,1023,1023,1023
3685,1023,1023,1023,1023,1023
3686,1023,1023,1023,1023,1023
3687,1023,1023,1023,1023,1023
3688,1023,1023,1023,1023,1023
3689,1023,1023,1023,1023,1023
3690,1023,1023,1023,1023,1023
3691,1023,1023,1023,1023,1023
3692,1023,1023,1023,1023,1023
3693,1023,1023,1023,1023,1023
3694,1023,1023,1023,1023,1023
3695,1023,1023,1023,1023,1023
3696,1023,1023,1023,1023,1023
3697,1023,1023,1023,1023,1023
3698,1023,1023,1023,1023,1023
3699,1023,1023,1023,1023,1023
3700,1023,1023,1023,1023,1023
3701,1023,1023,1023,1023,1023
3702,1023,1023,1023,1023,1023
3703,1023,1023,1023,1023,1023
3704,1023,1023,1023,1023,1023
3705,1023,1023,1023,1023,1023
3706,1023,1023,1023,1023,1023
3707,1023,1023,1023,1023,1023
3708,1023,1023,1023,1023,1023
3709,1023,1023,1023,1023,1023
3710,1023,1023,1023,1023,1023
3711,1023,1023,1023,1023,1023
3712,1023,1023,1023,1023,1023
3713,1023,1023,1023,1023,1023
3714,1023,1023,1023,1023,1023
3715,1023,1023,1023,1023,1023
3716,1023,1023,1023,1023,1023
3717,1023,1023,1023,1023,1023
3718,1023,1023,1023,1023,1023
3719,1023,1023,1023,1023,1023
3720,1023,1023,1023,1023,1023
3721,1023,1023,1023,1023,1023
3722,1023,1023,1023,1023,1023
3723,1023,1023,1023,1023,1023
3724,1023,1023,1023,1023,1023
3725,1023,1023,1023,1023,1023
3726,1023,1023,1023,1023,1023
3727,1023,1023,1023,1023,1023
3728,1023,1023,1023,1023,1023
3729,1023,1023,1023,1023,1023
3730,1023,1023,1023,1023,1023
3731,1023,1023,1023,1023,1023
3732,1023,1023,1023,1023,1023
3733,1023,1023,1023,1023,1023
3734,1023,1023,1023,1023,1023
3735,1023,1023,1023,1023,1023
3736,1023,1023,1023,1023,1023
3737,1023,1023,1023,1023,1023
3738,1023,1023,1023,1023,1023
3739,1023,1023,1023,1023,1023
3740,1023,1023,1023,1023,1023
3741,1023,1023,1023,1023,1023
3742,1023,1023,1023,1023,1023
3743,1023,1023,1023,1023,1023
3744,1023,1023,1023,1023,1023
3745,1023,1023,1023,1023,1023
3746,1023,1023,1023,1023,1023
3747,1023,1023,1023,1023,1023
3748,1023,1023,1023,1023,1023
3749,1023,1023,1023,1023,1023
3750,1023,1023,1023,1023,1023
3751,1023,1023,1023,1023,1023
3752,1023,1023,1023,1023,1023
3753,1023,1023,1023,1023,1023
3754,1023,1023,1023,1023,1023
3755,1023,1023,1023,1023,1023
3756,1023,1023,1023,1023,1023
3757,1023,1023,1023,1023,1023
3758,1023,1023,1023,1023,1023
3759,1023,1023,1023,1023,1023
3760,1023,1023,1023,1023,1023
3761,1023,1023,1023,1023,1023
3762,1023,1023,1023,1023,1023
3763,1023,1023,1023,1023,1023
3764,1023,1023,1023,1023,1023
3765,1023,1023,1023,1023,1023
3766,1023,1023,1023,1023,1023
3767,1023,1023,1023,1023,1023
3768,1023,1023,1023,1023,1023
3769,1023,1023,1023,1023,1023
3770,1023,1023,1023,1023,1023
3771,1023,1023,1023,1023,1023
3772,1023,1023,1023,1023,1023
3773,1023,1023,1023,1023,1023
3774,1023,1023,1023,1023,1023
3775,1023,1023,1023,1023,1023
3776,1023,1023,1023,1023,1023
3777,1023,1023,1023,1023,1023
3778,1023,1023,1023,1023,1023
3779,1023,1023,1023,1023,1023
3780,1023,1023,1023,1023,1023
3781,1023,1023,1023,1023,1023
3782,1023,1023,1023,1023,1023
3783,1023,1023,1023,1023,1023
3784,1023,1023,1023,1023,1023
3785,1023,1023,1023,1023,1023
3786,1023,1023,1023,1023,1023
3787,1023,1023,1023,1023,1023
3788,1023,1023,1023,1023,1023
3789,1023,1023,1023,1023,1023
3790,1023,1023,1023,1023,1023
3791,1023,1023,1023,1023,1023
3792,1023,1023,1023,1023,1023
3793,1023,1023,1023,1023,1023
3794,1023,1023,1023,1023,1023
3795,1023,1023,1023,1023,1023
3796,1023,1023,1023,1023,1023
3797,1023,1023,1023,1023,1023
3798,1023,1023,1023,1023,1023
3799,1023,1023,1023,1023,1023
3800,1023,1023,1023,1023,1023
3801,1023,1023,1023,1023,1023
3802,1023,1023,1023,1023,1023
3803,1023,1023,1023,1023,1023
3804,1023,1023,1023,1023,1023
3805,1023,1023,1023,1023,1023
3806,1023,1023,1023,1023,1023
3807,1023,1023,1023,1023,1023
3808,1023,1023,1023,1023,1023
3809,1023,1023,1023,1023,1023
3810,1023,1023,1023,1023,1023
3811,1023,1023,1023,1023,1023
3812,1023,1023,1023,1023,1023
3813,1023,1023,1023,1023,1023
3814,1023,1023,1023,1023,1023
3815,1023,1023,1023,1023,1023
3816,1023,1023,1023,1023,1023
3817,1023,1023,1023,1023,1023
3818,1023,1023,1023,1023,1023
3819,1023,1023,1023,1023,1023
3820,1023,1023,1023,1023,1023
3821,1023,1023,1023,1023,1023
3822,1023,1023,1023,1023,1023
3823,1023,1023,1023,1023,1023
3824,1023,1023,1023,1023,1023
3825,1023,1023,1023,1023,1023
3826,1023,1023,1023,1023,1023
3827,1023,1023,1023,1023,1023
3828,1023,1023,1023,1023,1023
3829,1023,1023,1023,1023,1023
3830,1023,1023,1023,1023,1023
3831,1023,1023,1023,1023,1023
3832,1023,1023,1023,1023,1023
3833,1023,1023,1023,1023,1023
3834,1023,1023,1023,1023,1023
3835,1023,1023,1023,1023,1023
3836,1023,1023,1023,1023,1023
3837,1023,1023,1023,1023,1023
3838,1023,1023,1023,1023,1023
3839,1023,1023,1023,1023,1023
